el / la	El libro está en la mesa.	The book is on the table.
los / las	Las flores son muy bonitas.	The flowers are very pretty.
un / una	Tengo una pregunta.	I have a question.
unos / unas	Tengo unos amigos en Sevilla.	I have some friends in Seville.
y	Como pan y queso.	I eat bread and cheese.
o	¿Quieres té o café?	Do you want tea or coffee?
pero	Es caro, pero vale la pena.	It's expensive, but it's worth it.
que	Creo que viene mañana.	I think he's coming tomorrow.
porque	No salgo porque llueve.	I'm not going out because it's raining.
si	Si quieres, vamos juntos.	If you want, we'll go together.
yo	Yo me llamo Ana.	My name is Ana.
tú	¿De dónde eres tú?	Where are you from?
él	Él vive en Madrid.	He lives in Madrid.
ella	Ella es mi hermana.	She is my sister.
nosotros	Nosotros hablamos español.	We speak Spanish.
vosotros	¿Venís conmigo?	Are you coming with me?
ellos	Ellos llegan tarde.	They arrive late.
usted	¿Puede usted ayudarme?	Can you help me?
me	¿Me trae la carta, por favor?	Will you bring me the letter, please?
te	Te doy mi número.	I'll give you my number.
se	Ana se lava las manos.	Ana washes her hands.
nos	¿Nos das un minuto?	Can you give us a minute?
le	Le doy el libro.	I'll give him the book.
lo	Lo veo muy claro.	I see it very clearly.
mi	Mi hermana vive en Sevilla.	My sister lives in Seville.
tu	¿Dónde está tu casa?	Where is your house?
su	Su casa es pequeña.	Their house is small.
nuestro	Nuestra clase es grande.	Our class is big.
en	Vivo en Madrid.	I live in Madrid.
a	Voy al mercado.	I'm going to the market.
de	El libro es de Ana.	The book is Ana's.
con	Salgo con mis amigos.	I'm going out with my friends.
por	Gracias por tu ayuda.	Thanks for your help.
para	Este regalo es para ti.	This present is for you.
sin	Un café sin azúcar, por favor.	A coffee without sugar, please.
sobre	¿Sobre qué quieres hablar?	What do you want to talk about?
entre	Entre las dos casas hay un parque.	Between the two houses there is a park.
hasta	Espera hasta las ocho.	Wait until eight.
desde	Trabajo aquí desde marzo.	I have worked here since March.
hacia	Vamos hacia el centro.	We are heading towards the centre.
durante	Durante el verano viajamos mucho.	During the summer we travel a lot.
no	No tengo tiempo.	I don't have time.
este	Este libro es interesante.	This book is interesting.
ese	Ese coche es muy caro.	That car is very expensive.
cuál	¿Cuál es tu ciudad favorita?	What's your favourite city?
más	Quiero más café.	I want more coffee.
ser	Soy de España.	I'm from Spain.
estar	Estoy muy bien, gracias.	I'm very well, thanks.
haber	He terminado el trabajo.	I have finished the work.
tener	Todavía tengo tiempo.	I still have time.
hacer	¿Qué haces hoy?	What are you doing today?
poder	Puedo nadar muy bien.	I can swim very well.
decir	¿Qué dices?	What are you saying?
ir	Voy al trabajo ahora.	I'm going to work now.
ver	Te veo mañana.	I'll see you tomorrow.
dar	Dame un vaso de agua.	Give me a glass of water.
saber	No sé la respuesta.	I don't know the answer.
querer	Quiero un café.	I want a coffee.
llegar	¿Cuándo llega el tren?	When does the train arrive?
pasar	¿Qué te pasa?	What's wrong with you?
deber	No debes salir solo.	You mustn't go out alone.
poner	Pon la mesa, por favor.	Set the table, please.
parecer	¿Qué te parece esta idea?	What do you think of this idea?
quedar	Quedamos a las ocho.	Shall we meet at eight?
creer	Creo que tienes razón.	I think you're right.
hablar	Hablamos un poco de español.	We speak a little Spanish.
llevar	Llevo un abrigo.	I'm wearing a coat.
dejar	Deja el libro aquí.	Leave the book here.
seguir	Sigue leyendo, por favor.	Keep reading, please.
encontrar	No encuentro mis llaves.	I can't find my keys.
llamar	Te llamo esta tarde.	I'll call you this afternoon.
venir	Ven aquí, por favor.	Come here, please.
pensar	¿Qué piensas de esto?	What do you think about this?
salir	¿A qué hora sales?	What time do you leave?
volver	Vuelvo a casa temprano.	I'm coming home early.
tomar	Toma un tren, por favor.	Take a train, please.
conocer	¿Conoces a Marta?	Do you know Marta?
vivir	Vivo cerca del centro.	I live near the centre.
también	Yo también quiero ir.	I want to go too.
ya	Ya he terminado.	I've already finished.
todavía	Todavía no lo sé.	I still don't know it.
solo	Solo quiero un café.	I only want a coffee.
siempre	Siempre llego tarde.	I'm always late.
muy	Hablamos muy rápido.	We speak very fast.
aquí	Vivo aquí desde hace dos años.	I've lived here for two years.
allí	Allí hay un café pequeño.	There's a small café over there.
ahora	Ahora no tengo tiempo.	I don't have time now.
luego	Luego vamos a casa.	Then we're going home.
hoy	Hoy hace buen tiempo.	The weather is nice today.
mañana	Mañana viajo a Sevilla.	Tomorrow I'm travelling to Seville.
ayer	Ayer compré un libro.	Yesterday I bought a book.
otra vez	¿Lo dices otra vez?	Are you saying it again?
a menudo	A menudo comemos pescado.	We often eat fish.
a veces	A veces llueve en abril.	Sometimes it rains in April.
nunca	Nunca bebo café por la noche.	I never drink coffee at night.
quizás	Quizá vengamos mañana.	Maybe we'll come tomorrow.
claro	¡Claro que sí!	Of course!
de verdad	¿Vienes de verdad?	Are you really coming?
bien	Lo haces muy bien.	You do it very well.
mal	Hablo inglés muy mal.	I speak English very badly.
juntos	Estudiamos juntos.	We study together.
quién	¿Quién es?	Who is it?
qué	¿Qué quieres?	What do you want?
dónde	¿Dónde está el baño?	Where is the bathroom?
cuándo	¿En qué momento llegas?	When do you arrive?
por qué	¿Por qué no vienes?	Why aren't you coming?
cómo	¿Cómo estás?	How are you?
cuánto	¿Cuánto cuesta?	How much does it cost?
sí	Sí, quiero ir.	Yes, I want to go.
por favor	Un café, por favor.	A coffee, please.
gracias	Muchas gracias por todo.	Thank you very much for everything.
tal vez	Tal vez llegue tarde.	Maybe I'll be late.
bastante	El libro es bastante largo.	The book is quite long.
casi	Casi he terminado.	I've almost finished.
suficiente	No tengo suficiente tiempo.	I don't have enough time.
demasiado	Haces demasiado ruido.	You're making too much noise.
muy bien	Me siento muy bien.	I feel very well.
el hombre	El hombre lee el periódico.	The man reads the newspaper.
la mujer	Esa mujer es mi jefa.	That woman is my boss.
el niño	El niño juega en el parque.	The boy plays in the park.
la niña	La niña tiene diez años.	The girl is ten years old.
la gente	La gente es muy simpática aquí.	People here are very friendly.
el amigo	Es mi mejor amigo.	He's my best friend.
la amiga	Mi amiga vive en Madrid.	My friend lives in Madrid.
la familia	Mi familia vive en Sevilla.	My family lives in Seville.
la madre	Mi madre cocina muy bien.	My mother cooks very well.
el padre	Mi padre trabaja mucho.	My father works a lot.
el hijo	Su hijo tiene dos años.	Her son is two years old.
la hija	Mi hija va al colegio.	My daughter goes to school.
el hermano	Mi hermano juega al fútbol.	My brother plays football.
la hermana	Mi hermana es profesora.	My sister is a teacher.
el bebé	El bebé está durmiendo.	The baby is sleeping.
el nombre	¿Cuál es tu nombre?	What's your name?
el tiempo	¿Qué tiempo hace?	What's the weather like?
el día	El día fue muy largo.	The day was very long.
la noche	La noche está tranquila.	The night is quiet.
la hora	¿Qué hora es?	What time is it?
el minuto	Espera un minuto, por favor.	Wait a minute, please.
la semana	Esta semana tengo mucho trabajo.	This week I have a lot of work.
el mes	El mes tiene treinta días.	The month has thirty days.
el año	El año pasado viví en Roma.	Last year I lived in Rome.
la mañana	Por la mañana bebo café.	In the morning I drink coffee.
la tarde	Por la tarde trabajo.	In the afternoon I work.
el momento	Este momento es importante.	This moment is important.
el reloj	El reloj está roto.	The clock is broken.
la vida	La vida aquí es tranquila.	Life here is quiet.
el mundo	Me gustaría viajar por el mundo.	I would like to travel the world.
el país	Este país es muy bonito.	This country is very beautiful.
la ciudad	La ciudad tiene muchas iglesias.	The city has many churches.
el pueblo	El pueblo es muy tranquilo.	The town is very quiet.
el lugar	Este lugar me gusta mucho.	I like this place a lot.
la cosa	Eso es una buena cosa.	That's a good thing.
el modo	De este modo aprendes más.	In this way you learn more.
la palabra	Esta palabra es nueva para mí.	This word is new to me.
la pregunta	Tu pregunta es muy buena.	Your question is very good.
la respuesta	La respuesta es muy fácil.	The answer is very easy.
el problema	Mañana resolvemos el problema.	Tomorrow we'll solve the problem.
la idea	Es una buena idea.	It's a good idea.
la razón	La razón es muy sencilla.	The reason is very simple.
el ejemplo	Dame un ejemplo, por favor.	Give me an example, please.
la parte	Esta es mi parte del trabajo.	This is my part of the work.
la casa	Mi casa está cerca del parque.	My house is near the park.
el piso	Mi piso es pequeño pero bonito.	My flat is small but nice.
la habitación	Mi habitación es pequeña.	My room is small.
la cocina	La cocina es muy moderna.	The kitchen is very modern.
el baño	El baño no tiene ventana.	The bathroom has no window.
el dormitorio	El dormitorio está al fondo.	The bedroom is at the back.
la puerta	Cierra la puerta, por favor.	Close the door, please.
la ventana	La ventana está abierta.	The window is open.
la mesa	La mesa es de madera.	The table is made of wood.
la silla	La silla es muy cómoda.	The chair is very comfortable.
la cama	La cama es demasiado pequeña.	The bed is too small.
el sofá	En el sofá me siento muy bien.	I feel very well on the sofa.
el armario	El armario está lleno de ropa.	The wardrobe is full of clothes.
la lámpara	La lámpara está apagada.	The lamp is off.
el suelo	El suelo está mojado.	The floor is wet.
la pared	El cuadro está en la pared.	The picture is on the wall.
el jardín	Los niños juegan en el jardín.	The children play in the garden.
la llave	He perdido la llave de casa.	I've lost the house key.
la comida	La comida está deliciosa.	The food is delicious.
el desayuno	El desayuno es a las ocho.	Breakfast is at eight.
el almuerzo	El almuerzo estaba riquísimo.	Lunch was delicious.
la cena	En la cena hablamos de todo.	At dinner we talk about everything.
el pan	El pan está recién hecho.	The bread is freshly made.
la mantequilla	Me gusta el pan con mantequilla.	I like bread with butter.
el queso	El queso de aquí es muy bueno.	The cheese here is very good.
el huevo	Desayuno dos huevos.	I have two eggs for breakfast.
la carne	No como carne.	I don't eat meat.
el pescado	El pescado de hoy está bueno.	Today's fish is good.
la verdura	Como verduras todos los días.	I eat vegetables every day.
la fruta	La fruta está muy dulce.	The fruit is very sweet.
la manzana	La manzana es roja.	The apple is red.
la patata	La patata está muy caliente.	The potato is very hot.
el arroz	El arroz con verduras está bueno.	Rice with vegetables is good.
la sopa	La sopa de verduras es mi favorita.	Vegetable soup is my favourite.
el azúcar	No pongo azúcar en el café.	I don't put sugar in my coffee.
la sal	Falta sal en la sopa.	The soup needs salt.
el agua	Un vaso de agua, por favor.	A glass of water, please.
el café	El café está muy caliente.	The coffee is very hot.
el té	Tomo té por la tarde.	I drink tea in the afternoon.
la leche	Compro leche cada mañana.	I buy milk every morning.
el zumo	Un zumo de naranja, por favor.	An orange juice, please.
la cerveza	Dos cervezas, por favor.	Two beers, please.
el vino	El vino de esta región es famoso.	The wine from this region is famous.
el plato	El plato está sucio.	The plate is dirty.
el vaso	El vaso está vacío.	The glass is empty.
la taza	La taza es muy pequeña.	The cup is very small.
el cuchillo	El cuchillo está muy afilado.	The knife is very sharp.
el tenedor	Necesito un tenedor.	I need a fork.
la cuchara	La cuchara es de plata.	The spoon is made of silver.
la botella	La botella de agua está llena.	The water bottle is full.
el cuerpo	El deporte es bueno para el cuerpo.	Sport is good for the body.
la cabeza	Me duele la cabeza.	I have a headache.
la cara	Se lava la cara por la mañana.	He washes his face in the morning.
el ojo	Me duele el ojo izquierdo.	My left eye hurts.
la oreja	Me pica la oreja.	My ear itches.
la nariz	Tengo la nariz tapada.	My nose is blocked.
la boca	Abre la boca, por favor.	Open your mouth, please.
el diente	Me duele un diente.	A tooth hurts.
el pelo	Tiene el pelo largo.	She has long hair.
el cuello	Me duele el cuello.	My neck hurts.
la mano	Me lavo las manos.	I wash my hands.
el brazo	Me duele el brazo derecho.	My right arm hurts.
el dedo	Me he quemado el dedo.	I burned my finger.
la pierna	La pierna izquierda está lesionada.	The left leg is injured.
el pie	Me duele el pie.	My foot hurts.
el corazón	El corazón late rápido.	The heart beats fast.
la espalda	Me duele la espalda.	My back hurts.
el estómago	Tengo el estómago vacío.	I have an empty stomach.
la salud	La salud es más importante que el dinero.	Health is more important than money.
el médico	Tengo que ir al médico.	I have to go to the doctor.
el hospital	El hospital está muy lejos.	The hospital is far away.
la enfermedad	La enfermedad no es grave.	The illness isn't serious.
el dolor	El dolor no se va.	The pain isn't going away.
la fiebre	Tengo fiebre.	I have a fever.
la medicina	Toma la medicina después de comer.	Take the medicine after eating.
enfermo	Hoy estoy enfermo.	I'm ill today.
sano	Después de una semana estoy sano.	After a week I'm healthy.
cansado	Estoy cansado hoy.	I'm tired today.
la ropa	La ropa está en la cesta.	The clothes are in the basket.
la camisa	La camisa es de algodón.	The shirt is made of cotton.
el pantalón	El pantalón es demasiado largo.	The trousers are too long.
el vestido	El vestido es muy elegante.	The dress is very elegant.
la falda	La falda es corta.	The skirt is short.
la chaqueta	Hace frío, ponte la chaqueta.	It's cold, put on your jacket.
el abrigo	El abrigo no me cabe.	The coat doesn't fit me.
el jersey	El jersey es muy suave.	The sweater is very soft.
los zapatos	Los zapatos son nuevos.	The shoes are new.
el calcetín	No tengo un calcetín limpio.	I don't have a clean sock.
el sombrero	El sombrero le queda bien.	The hat suits him well.
las gafas	Necesito gafas nuevas.	I need new glasses.
el trabajo	El trabajo es divertido.	The work is fun.
el empleo	Mi empleo es muy agotador.	My job is exhausting.
la profesión	Su profesión es muy interesante.	His profession is very interesting.
la oficina	La oficina está en el tercer piso.	The office is on the third floor.
la empresa	La empresa tiene doscientos empleados.	The company has two hundred employees.
el jefe	Mi jefe es muy amable.	My boss is very kind.
el compañero	Mi compañero me ayuda mucho.	My colleague helps me a lot.
la tarea	La tarea no es difícil.	The task isn't difficult.
el proyecto	El proyecto termina en junio.	The project ends in June.
la reunión	La reunión empieza a las nueve.	The meeting starts at nine.
la cita	Tengo una cita mañana.	I have an appointment tomorrow.
el ordenador	El ordenador es muy viejo.	The computer is very old.
el móvil	Mi móvil no funciona.	My phone doesn't work.
el teléfono	El teléfono está sonando.	The telephone is ringing.
el correo	Te envío un correo.	I'll send you an email.
internet	En internet aprendo muchas cosas.	On the internet I learn a lot.
la escuela	La escuela empieza a las ocho.	School starts at eight.
la universidad	La universidad está cerca.	The university is near.
el profesor	El profesor lo explica otra vez.	The teacher explains it again.
el alumno	El alumno tiene una pregunta.	The pupil has a question.
el estudiante	El estudiante estudia por la tarde.	The student studies in the afternoon.
la clase	La clase tiene treinta alumnos.	The class has thirty pupils.
el examen	El examen no fue difícil.	The exam wasn't difficult.
el libro	Este libro lo escribió mi abuelo.	My grandfather wrote this book.
el cuaderno	Escribo la respuesta en el cuaderno.	I write the answer in the notebook.
el bolígrafo	El bolígrafo no escribe.	The pen doesn't write.
el papel	Necesito un papel.	I need a sheet of paper.
la nota	He sacado una buena nota.	I got a good grade.
aprender	Aprendo una palabra cada día.	I learn a word every day.
estudiar	Mi hermana estudia medicina.	My sister studies medicine.
el dinero	El dinero no alcanza.	The money isn't enough.
el euro	El café cuesta tres euros.	The coffee costs three euros.
el banco	Saco dinero del banco.	I take money out of the bank.
el precio	El precio es demasiado alto.	The price is too high.
la cuenta	La cuenta, por favor.	The bill, please.
caro	Esta camisa es cara.	This shirt is expensive.
barato	El pan está muy barato.	The bread is very cheap.
pagar	Quiero pagar, por favor.	I want to pay, please.
comprar	Compro pan cada mañana.	I buy bread every morning.
vender	Venden fruta en el mercado.	They sell fruit at the market.
el viaje	El viaje dura dos horas.	The journey takes two hours.
las vacaciones	En verano me voy de vacaciones.	In summer I go on holiday.
el tren	El tren sale a las nueve.	The train leaves at nine.
la estación	La estación está muy cerca.	The station is very close.
el autobús	El autobús llega tarde.	The bus arrives late.
el coche	Mi coche es pequeño.	My car is small.
la bicicleta	Voy en bicicleta al trabajo.	I go to work by bike.