der / die / das	Der Hund ist sehr groß.	The dog is very big.
ein / eine	Ich brauche eine Stunde.	I need an hour.
und	Ich trinke Tee und Kaffee.	I drink tea and coffee.
oder	Möchtest du Tee oder Kaffee?	Do you want tea or coffee?
aber	Das Wetter ist schön, aber kalt.	The weather is nice, but cold.
dass	Ich weiß, dass du kommst.	I know that you are coming.
weil	Ich bleibe hier, weil es regnet.	I'm staying here because it's raining.
wenn	Wenn du willst, komm mit.	If you want, come along.
ich	Ich heiße Anna.	My name is Anna.
du	Wie geht es dir?	How are you?
er	Er wohnt in Berlin.	He lives in Berlin.
sie	Sie kommt aus Spanien.	She comes from Spain.
es	Es regnet heute.	It's raining today.
wir	Wir treffen uns um acht.	We're meeting at eight.
ihr	Kommt ihr mit?	Are you coming along?
Sie	Können Sie mir helfen?	Can you help me?
man	Man muss hier leiser sprechen.	You have to speak more quietly here.
mich	Ruf mich bitte an.	Please call me.
dich	Ich vermisse dich.	I miss you.
sich	Der Mann wäscht sich.	The man is washing himself.
mir	Zeig mir dein Heft.	Show me your notebook.
dir	Ich schenke dir ein Geschenk.	I'm giving you a present.
ihm	Ich gebe ihm die Antwort.	I'm giving him the answer.
uns	Wir sehen uns morgen.	We'll see each other tomorrow.
mein	Mein Bruder ist Arzt.	My brother is a doctor.
dein	Wo ist dein Schlüssel?	Where is your key?
sein	Ich bin heute sehr müde.	I am very tired today.
unser	Unser Haus ist alt.	Our house is old.
in	Ich wohne in Köln.	I live in Cologne.
auf	Der Schlüssel liegt auf dem Tisch.	The key is on the table.
an	Ich hänge das Bild an die Wand.	I am hanging the picture on the wall.
zu	Ich gehe zu dem Arzt.	I'm going to the doctor.
mit	Komm mit mir.	Come with me.
von	Das Buch ist von Anna.	The book is by Anna.
für	Das Geschenk ist für dich.	The present is for you.
aus	Das Geschenk kommt aus Spanien.	The present comes from Spain.
bei	Ich wohne bei meiner Schwester.	I live near my sister.
nach	Nach dem Essen gehen wir nach Hause.	After the meal we're going home.
über	Der Preis ist über zwanzig Euro.	The price is over twenty euros.
unter	Die Katze schläft unter dem Tisch.	The cat is sleeping under the table.
vor	Warte bitte vor der Tür.	Please wait in front of the door.
durch	Wir gehen durch den Park.	We are walking through the park.
ohne	Einen Kaffee ohne Zucker, bitte.	A coffee without sugar, please.
gegen	Das Spiel ist gegen acht.	The match is at eight.
um	Der Kurs beginnt um neun.	The course begins at nine.
nicht	Ich verstehe nicht.	I don't understand.
kein	Ich habe keine Zeit.	I don't have time.
dieser	Dieser Film ist toll.	This film is great.
welcher	Welcher Bus fährt nach Berlin?	Which bus goes to Berlin?
haben	Wir haben Zeit.	We have time.
werden	Ich werde dich morgen anrufen.	I'll call you tomorrow.
können	Ich kann gut schwimmen.	I can swim well.
müssen	Du musst jetzt gehen.	You have to go now.
sagen	Was sagst du?	What do you say?
machen	Was machst du heute?	What are you doing today?
gehen	Ich gehe zur Arbeit.	I go to work.
wollen	Ich will einen Kaffee.	I want a coffee.
kommen	Komm bitte herein.	Come in, please.
sollen	Du sollst das nicht sagen.	You shouldn't say that.
wissen	Ich weiß die Antwort nicht.	I don't know the answer.
sehen	Ich sehe dich morgen.	I'll see you tomorrow.
lassen	Lass mich bitte in Ruhe.	Leave me alone, please.
stehen	Der Bus steht vor der Tür.	The bus is outside the door.
finden	Ich finde meine Schlüssel nicht.	I can't find my keys.
bleiben	Wir bleiben heute zu Hause.	We're staying home today.
geben	Gib mir bitte das Buch.	Please give me the book.
nehmen	Nimm bitte einen Zug.	Take a train, please.
bringen	Bring mir bitte ein Bier.	Bring me a beer, please.
halten	Halte bitte die Tür auf.	Please hold the door open.
nennen	Wie nennt man das?	What do you call that?
denken	Ich denke, du hast recht.	I think you're right.
glauben	Ich glaube, es regnet gleich.	I think it's going to rain.
sprechen	Wir sprechen ein bisschen Deutsch.	We speak a little German.
fragen	Kann ich dich etwas fragen?	Can I ask you something?
antworten	Bitte antworte mir bald.	Please answer me soon.
brauchen	Ich brauche zwei Tage Zeit.	I need two days.
fühlen	Ich fühle mich gut.	I feel well.
dürfen	Hier darf man nicht parken.	You may not park here.
mögen	Ich mag Kaffee mit Milch.	I like coffee with milk.
tun	Was soll ich jetzt tun?	What should I do now?
auch	Ich trinke auch Tee.	I also drink tea.
schon	Ich habe es schon gesagt.	I've already said it.
noch	Ich warte noch.	I'm still waiting.
nur	Nur ein Stück, bitte.	Just one piece, please.
immer	Ich trinke immer Kaffee am Morgen.	I always drink coffee in the morning.
sehr	Das Wetter ist sehr schön.	The weather is very nice.
hier	Ich wohne hier seit zwei Jahren.	I've lived here for two years.
dort	Dort drüben ist ein Café.	Over there is a café.
jetzt	Ich habe jetzt keine Zeit.	I don't have time now.
dann	Dann komme ich um acht.	Then I'll come at eight.
heute	Heute ist das Wetter schön.	Today the weather is nice.
morgen	Morgen fahre ich nach Berlin.	Tomorrow I'm going to Berlin.
gestern	Gestern habe ich lange geschlafen.	Yesterday I slept a long time.
wieder	Kommst du wieder mit?	Are you coming along again?
oft	Wie oft fährst du nach Berlin?	How often do you go to Berlin?
manchmal	Manchmal trinke ich Tee.	Sometimes I drink tea.
nie	Ich trinke nie Kaffee am Abend.	I never drink coffee in the evening.
vielleicht	Vielleicht kommen wir früher.	Maybe we'll come earlier.
natürlich	Natürlich helfe ich dir gern.	Of course I'll gladly help you.
wirklich	Das ist wirklich ein Problem.	That really is a problem.
gut	Mir geht es gut, danke.	I'm doing well, thanks.
gern	Ich trinke gern Tee.	I like drinking tea.
zusammen	Wir lernen zusammen Deutsch.	We are learning German together.
allein	Ich wohne allein.	I live alone.
wer	Wer ist das?	Who is that?
was	Was machst du?	What are you doing?
wo	Wo wohnst du?	Where do you live?
wann	Wann kommst du?	When are you coming?
warum	Warum kommst du so spät?	Why are you so late?
wie	Wie geht es dir?	How are you?
wie viel	Wie viel kostet das?	How much does this cost?
ja	Ja, gern!	Yes, gladly!
nein	Nein, danke.	No, thanks.
bitte	Einen Kaffee, bitte.	A coffee, please.
danke	Danke für deine Hilfe!	Thanks for your help!
ziemlich	Das Wetter ist ziemlich kalt.	The weather is quite cold.
fast	Ich bin fast fertig.	I'm almost done.
genug	Ich habe genug Zeit.	I have enough time.
zu viel	Ich trinke zu viel Kaffee.	I drink too much coffee.
der Mann	Der Mann liest eine Zeitung.	The man is reading a newspaper.
die Frau	Die Frau dort ist meine Chefin.	The woman over there is my boss.
das Kind	Das Kind spielt im Park.	The child is playing in the park.
der Mensch	Der Mensch braucht Schlaf.	People need sleep.
die Leute	Die Leute warten auf den Bus.	The people are waiting for the bus.
der Freund	Er ist mein bester Freund.	He is my best friend.
die Freundin	Meine Freundin studiert Medizin.	My friend studies medicine.
die Familie	Meine Familie wohnt in Köln.	My family lives in Cologne.
die Mutter	Meine Mutter kocht sehr gut.	My mother cooks very well.
der Vater	Mein Vater arbeitet viel.	My father works a lot.
der Sohn	Ihr Sohn ist erst zwei Jahre alt.	Her son is only two years old.
die Tochter	Meine Tochter geht zur Schule.	My daughter goes to school.
der Bruder	Mein Bruder spielt Fußball.	My brother plays football.
die Schwester	Meine Schwester ist Lehrerin.	My sister is a teacher.
das Baby	Das Baby schläft jetzt.	The baby is sleeping now.
der Name	Wie ist dein Name?	What is your name?
die Zeit	Die Zeit geht schnell vorbei.	Time passes quickly.
der Tag	Der Tag war sehr lang.	The day was very long.
die Nacht	Die Nacht war ruhig.	The night was quiet.
die Stunde	Die Stunde hat sechzig Minuten.	An hour has sixty minutes.
die Minute	Warte noch eine Minute.	Wait one more minute.
die Woche	Diese Woche habe ich viel Arbeit.	This week I have a lot of work.
der Monat	Der Monat hat vier Wochen.	The month has four weeks.
das Jahr	Ein Jahr hat zwölf Monate.	A year has twelve months.
der Morgen	Am Morgen trinke ich Kaffee.	In the morning I drink coffee.
der Abend	Am Abend lese ich ein Buch.	In the evening I read a book.
der Mittag	Am Mittag ist die Kantine voll.	At noon the canteen is full.
die Uhr	Wie viel Uhr ist es?	What time is it?
der Moment	Dieser Moment ist ganz besonders.	This moment is very special.
das Leben	Das Leben in Berlin ist teuer.	Life in Berlin is expensive.
die Welt	Ich möchte die Welt bereisen.	I want to travel the world.
das Land	Das Land ist sehr schön.	The country is very beautiful.
die Stadt	Die Stadt hat viele Kirchen.	The city has many churches.
das Dorf	Das Dorf ist sehr ruhig.	The village is very quiet.
der Ort	Dieser Ort gefällt mir sehr.	I like this place very much.
die Sache	Das ist eine gute Sache.	That's a good thing.
das Ding	Was ist das Ding?	What is that thing?
die Art	Ich mag diese Art Musik.	I like this kind of music.
das Wort	Dieses Wort ist neu für mich.	This word is new to me.
die Frage	Ich habe eine Frage.	I have a question.
die Antwort	Die Antwort ist sehr einfach.	The answer is very simple.
das Problem	Das Problem lösen wir morgen.	We'll solve the problem tomorrow.
die Idee	Das ist eine gute Idee.	That's a good idea.
der Grund	Der Grund dafür ist ganz einfach.	The reason for that is quite simple.
das Haus	Unser Haus hat vier Zimmer.	Our house has four rooms.
die Wohnung	Die Wohnung ist klein, aber schön.	The flat is small but nice.
das Zimmer	Mein Zimmer ist im zweiten Stock.	My room is on the second floor.
die Küche	Die Küche ist sehr modern.	The kitchen is very modern.
das Bad	Das Bad hat kein Fenster.	The bathroom has no window.
das Schlafzimmer	Das Schlafzimmer ist ruhig.	The bedroom is quiet.
die Tür	Bitte mach die Tür zu.	Please close the door.
das Fenster	Das Fenster ist offen.	The window is open.
der Tisch	Das Buch liegt auf dem Tisch.	The book is on the table.
der Stuhl	Der Stuhl ist unbequem.	The chair is uncomfortable.
das Bett	Das Bett ist sehr bequem.	The bed is very comfortable.
das Sofa	Auf dem Sofa sitze ich gern.	I like sitting on the sofa.
der Schrank	Der Schrank ist voller Kleidung.	The cupboard is full of clothes.
die Lampe	Die Lampe ist aus.	The lamp is off.
der Boden	Der Boden ist nass.	The floor is wet.
die Wand	Das Bild hängt an der Wand.	The picture hangs on the wall.
der Garten	Wir sitzen im Garten.	We are sitting in the garden.
der Schlüssel	Wo ist dein Schlüssel?	Where is your key?
das Essen	Das Essen schmeckt sehr gut.	The food tastes very good.
das Frühstück	Das Frühstück ist um acht.	Breakfast is at eight.
das Mittagessen	Das Mittagessen war richtig gut.	Lunch was really good.
das Abendessen	Beim Abendessen sprechen wir über die Schule.	At dinner we talk about school.
das Brot	Das Brot ist noch warm.	The bread is still warm.
die Butter	Ich mag Brot mit Butter.	I like bread with butter.
der Käse	Der Käse kommt aus Bayern.	The cheese comes from Bavaria.
das Ei	Ich esse morgens ein Ei.	I eat an egg in the morning.
das Fleisch	Ich esse kein Fleisch.	I don't eat meat.
der Fisch	Der Fisch ist ganz frisch.	The fish is very fresh.
das Gemüse	Ich kaufe frisches Gemüse.	I buy fresh vegetables.
das Obst	Das Obst schmeckt süß.	The fruit tastes sweet.
der Apfel	Der Apfel ist rot.	The apple is red.
die Kartoffel	Die Kartoffel ist das Lieblingsessen meines Sohnes.	The potato is my son's favourite food.
der Reis	Der Reis aus Thailand ist lecker.	The rice from Thailand is tasty.
die Suppe	Die Suppe ist noch heiß.	The soup is still hot.
der Zucker	Ich nehme keinen Zucker.	I don't take sugar.
das Salz	Das Salz steht auf dem Tisch.	The salt is on the table.
das Wasser	Ein Glas Wasser, bitte.	A glass of water, please.
der Kaffee	Ich trinke gern Kaffee.	I like drinking coffee.
der Tee	Am Abend trinke ich Tee.	In the evening I drink tea.
die Milch	Ich kaufe frische Milch.	I buy fresh milk.
der Saft	Ein Saft, bitte.	A juice, please.
das Bier	Zwei Bier, bitte!	Two beers, please!
der Wein	Der Wein aus Spanien ist gut.	The wine from Spain is good.
der Teller	Der Teller ist sauber.	The plate is clean.
das Glas	Das Glas ist kaputt.	The glass is broken.
die Tasse	Die Tasse ist zu klein.	The cup is too small.
das Messer	Das Messer ist sehr scharf.	The knife is very sharp.
die Gabel	Ich brauche eine Gabel.	I need a fork.
der Löffel	Der Löffel ist aus Silber.	The spoon is made of silver.
die Flasche	Die Flasche ist leer.	The bottle is empty.
der Körper	Sport ist gut für den Körper.	Sport is good for the body.
der Kopf	Mein Kopf tut weh.	My head hurts.
das Gesicht	Sie wäscht das Gesicht.	She is washing her face.
das Auge	Mein linkes Auge juckt.	My left eye itches.
das Ohr	Ich habe Schmerzen im Ohr.	I have a pain in my ear.
die Nase	Meine Nase ist verstopft.	My nose is blocked.
der Mund	Bitte mach den Mund auf.	Please open your mouth.
der Zahn	Der Zahn tut mir weh.	My tooth hurts.
das Haar	Sie hat langes Haar.	She has long hair.
der Hals	Mein Hals tut mir weh.	My throat hurts.
die Hand	Ich wasche mir die Hände.	I wash my hands.
der Arm	Mein Arm tut weh.	My arm hurts.
der Finger	Ich habe mir den Finger verbrannt.	I burned my finger.
das Bein	Das linke Bein ist verletzt.	The left leg is injured.
der Fuß	Mein Fuß tut weh.	My foot hurts.
das Herz	Das Herz schlägt schnell.	The heart is beating fast.
der Rücken	Mein Rücken tut weh.	My back hurts.
der Bauch	Mein Bauch tut weh.	My stomach hurts.
die Gesundheit	Gesundheit ist wichtiger als Geld.	Health is more important than money.
der Arzt	Ich muss zum Arzt gehen.	I have to go to the doctor.
das Krankenhaus	Das Krankenhaus ist weit weg.	The hospital is far away.
die Krankheit	Die Krankheit ist nicht schlimm.	The illness isn't serious.
der Schmerz	Der Schmerz hört nicht auf.	The pain isn't stopping.
das Fieber	Ich habe Fieber.	I have a fever.
die Medizin	Nimm die Medizin nach dem Essen.	Take the medicine after eating.
krank	Ich bin krank.	I am ill.
gesund	Nach einer Woche bin ich wieder gesund.	After a week I'm healthy again.
müde	Ich bin heute sehr müde.	I am very tired today.
die Kleidung	Die Kleidung ist sehr bequem.	The clothing is very comfortable.
das Hemd	Das Hemd ist aus Baumwolle.	The shirt is made of cotton.
die Hose	Die Hose ist zu lang.	The trousers are too long.
das Kleid	Das Kleid ist elegant.	The dress is elegant.
der Rock	Der Rock ist kurz.	The skirt is short.
die Jacke	Die Jacke ist warm.	The jacket is warm.
der Mantel	Der Mantel passt mir nicht.	The coat doesn't fit me.
der Pullover	Der Pullover ist weich.	The sweater is soft.
die Schuhe	Die Schuhe sind ganz neu.	The shoes are brand new.
die Socke	Ich habe keine saubere Socke.	I don't have a clean sock.
der Hut	Der Hut ist zu klein.	The hat is too small.
die Brille	Ich brauche eine neue Brille.	I need new glasses.
die Arbeit	Die Arbeit macht Spaß.	The work is fun.
der Job	Mein Job ist anstrengend.	My job is tiring.
der Beruf	Was ist dein Beruf?	What is your profession?
das Büro	Das Büro ist im dritten Stock.	The office is on the third floor.
die Firma	Die Firma hat fünfhundert Mitarbeiter.	The company has five hundred employees.
der Chef	Mein Chef ist freundlich.	My boss is friendly.
der Kollege	Mein Kollege hilft mir oft.	My colleague often helps me.
die Aufgabe	Die Aufgabe ist nicht schwer.	The task isn't difficult.
das Projekt	Das Projekt endet im Juni.	The project ends in June.
die Besprechung	Die Besprechung beginnt um neun.	The meeting starts at nine.
der Termin	Ich habe morgen einen Termin.	I have an appointment tomorrow.
der Computer	Der Computer ist alt.	The computer is old.
das Handy	Mein Handy ist kaputt.	My phone is broken.
das Telefon	Das Telefon klingelt.	The telephone is ringing.
die E-Mail	Ich schicke dir eine E-Mail.	I'll send you an email.
das Internet	Im Internet lerne ich viel.	I learn a lot on the internet.
die Schule	Die Schule beginnt um acht.	School starts at eight.
die Universität	Die Universität ist in der Nähe.	The university is nearby.
der Lehrer	Der Lehrer erklärt es noch einmal.	The teacher is explaining it once more.
der Schüler	Der Schüler hat eine Frage.	The pupil has a question.
der Student	Der Student arbeitet abends.	The student works in the evenings.
die Klasse	Die Klasse hat dreißig Schüler.	The class has thirty pupils.
die Prüfung	Die Prüfung war nicht schwer.	The exam wasn't difficult.
das Buch	Das Buch ist sehr interessant.	The book is very interesting.
das Heft	Ich schreibe die Antwort ins Heft.	I'll write the answer in the notebook.
der Stift	Der Stift schreibt nicht.	The pen doesn't write.
das Papier	Ich brauche ein Blatt Papier.	I need a sheet of paper.
die Note	Ich habe eine gute Note bekommen.	I got a good grade.
lernen	Ich lerne jeden Tag ein Wort.	I learn a word every day.
studieren	Meine Schwester studiert Medizin.	My sister studies medicine.
das Geld	Das Geld reicht nicht.	The money isn't enough.
der Euro	Der Kaffee kostet drei Euro.	The coffee costs three euros.
die Bank	Ich hole Geld von der Bank.	I get money from the bank.
der Preis	Der Preis ist zu hoch.	The price is too high.
die Rechnung	Die Rechnung, bitte.	The bill, please.
teuer	Dieses Hemd ist teuer.	This shirt is expensive.
billig	Das Brot ist billig.	The bread is cheap.
bezahlen	Ich möchte bitte bezahlen.	I'd like to pay, please.
kaufen	Ich kaufe ein Brot.	I buy a loaf of bread.
verkaufen	Sie verkauft alte Bücher.	She sells old books.
die Reise	Die Reise dauert zwei Stunden.	The journey takes two hours.
der Urlaub	Im Sommer habe ich Urlaub.	In summer I have holiday.
der Zug	Der Zug fährt um neun ab.	The train departs at nine.
der Bahnhof	Der Bahnhof ist zwei Straßen weiter.	The station is two streets further.
