1	el / la	the
1	los / las	the (plural)
1	un / una	a / an
1	unos / unas	some
1	y	and
1	o	or
1	pero	but
1	que	that / which
1	porque	because
1	si	if
1	yo	I
1	tú	you (informal)
1	él	he
1	ella	she
1	nosotros	we
1	vosotros	you (pl.)
1	ellos	they
1	usted	you (formal)
1	me	me
1	te	you
1	se	oneself
1	nos	us
1	le	to him/her
1	lo	it / him
1	mi	my
1	tu	your
1	su	his / her / their
1	nuestro	our
1	en	in / on
1	a	to / at
1	de	of / from
1	con	with
1	por	by / for
1	para	for / to
1	sin	without
1	sobre	on / about
1	entre	between
1	hasta	until
1	desde	from / since
1	hacia	towards
1	durante	during
1	no	no / not
1	este	this
1	ese	that
1	cuál	which
1	más	more
2	ser	to be (permanent)
2	estar	to be (state)
2	haber	to have (aux.)
2	tener	to have
2	hacer	to do / make
2	poder	to be able to
2	decir	to say
2	ir	to go
2	ver	to see
2	dar	to give
2	saber	to know
2	querer	to want
2	llegar	to arrive
2	pasar	to pass / happen
2	deber	must / to owe
2	poner	to put
2	parecer	to seem
2	quedar	to stay / remain
2	creer	to believe
2	hablar	to speak
2	llevar	to carry / wear
2	dejar	to leave / let
2	seguir	to follow / continue
2	encontrar	to find
2	llamar	to call
2	venir	to come
2	pensar	to think
2	salir	to leave / go out
2	volver	to return
2	tomar	to take
2	conocer	to know (people)
2	vivir	to live
3	también	also
3	ya	already / now
3	todavía	still / yet
3	solo	only
3	siempre	always
3	muy	very
3	aquí	here
3	allí	there
3	ahora	now
3	luego	then / later
3	hoy	today
3	mañana	tomorrow
3	ayer	yesterday
3	otra vez	again
3	a menudo	often
3	a veces	sometimes
3	nunca	never
3	quizás	maybe
3	claro	of course
3	de verdad	really
3	bien	well
3	mal	badly
3	juntos	together
3	solo	alone
3	quién	who
3	qué	what
3	dónde	where
3	cuándo	when
3	por qué	why
3	cómo	how
3	cuánto	how much
3	sí	yes
3	no	no
3	por favor	please
3	gracias	thanks
3	tal vez	perhaps
3	bastante	quite
3	casi	almost
3	suficiente	enough
3	demasiado	too much
3	muy bien	very well
4	el hombre	man
4	la mujer	woman
4	el niño	child / boy
4	la niña	girl
4	la gente	people
4	el amigo	friend (m)
4	la amiga	friend (f)
4	la familia	family
4	la madre	mother
4	el padre	father
4	el hijo	son
4	la hija	daughter
4	el hermano	brother
4	la hermana	sister
4	el bebé	baby
4	el nombre	name
4	el tiempo	time / weather
4	el día	day
4	la noche	night
4	la hora	hour
4	el minuto	minute
4	la semana	week
4	el mes	month
4	el año	year
4	la mañana	morning
4	la tarde	afternoon
4	el momento	moment
4	el reloj	clock / watch
4	la vida	life
4	el mundo	world
4	el país	country
4	la ciudad	city
4	el pueblo	town / village
4	el lugar	place
4	la cosa	thing
4	el modo	way / manner
4	la palabra	word
4	la pregunta	question
4	la respuesta	answer
4	el problema	problem
4	la idea	idea
4	la razón	reason
4	el ejemplo	example
4	la parte	part
5	la casa	house / home
5	el piso	flat / apartment
5	la habitación	room
5	la cocina	kitchen
5	el baño	bathroom
5	el dormitorio	bedroom
5	la puerta	door
5	la ventana	window
5	la mesa	table
5	la silla	chair
5	la cama	bed
5	el sofá	sofa
5	el armario	wardrobe
5	la lámpara	lamp
5	el suelo	floor
5	la pared	wall
5	el jardín	garden
5	la llave	key
5	la comida	food / meal
5	el desayuno	breakfast
5	el almuerzo	lunch
5	la cena	dinner
5	el pan	bread
5	la mantequilla	butter
5	el queso	cheese
5	el huevo	egg
5	la carne	meat
5	el pescado	fish
5	la verdura	vegetable
5	la fruta	fruit
5	la manzana	apple
5	la patata	potato
5	el arroz	rice
5	la sopa	soup
5	el azúcar	sugar
5	la sal	salt
5	el agua	water
5	el café	coffee
5	el té	tea
5	la leche	milk
5	el zumo	juice
5	la cerveza	beer
5	el vino	wine
5	el plato	plate / dish
5	el vaso	glass
5	la taza	cup
5	el cuchillo	knife
5	el tenedor	fork
5	la cuchara	spoon
5	la botella	bottle
6	el cuerpo	body
6	la cabeza	head
6	la cara	face
6	el ojo	eye
6	la oreja	ear
6	la nariz	nose
6	la boca	mouth
6	el diente	tooth
6	el pelo	hair
6	el cuello	neck
6	la mano	hand
6	el brazo	arm
6	el dedo	finger
6	la pierna	leg
6	el pie	foot
6	el corazón	heart
6	la espalda	back
6	el estómago	stomach
6	la salud	health
6	el médico	doctor
6	el hospital	hospital
6	la enfermedad	illness
6	el dolor	pain
6	la fiebre	fever
6	la medicina	medicine
6	enfermo	ill
6	sano	healthy
6	cansado	tired
6	la ropa	clothing
6	la camisa	shirt
6	el pantalón	trousers
6	el vestido	dress
6	la falda	skirt
6	la chaqueta	jacket
6	el abrigo	coat
6	el jersey	sweater
6	los zapatos	shoes
6	el calcetín	sock
6	el sombrero	hat
6	las gafas	glasses
7	el trabajo	work
7	el empleo	job
7	la profesión	profession
7	la oficina	office
7	la empresa	company
7	el jefe	boss
7	el compañero	colleague
7	la tarea	task
7	el proyecto	project
7	la reunión	meeting
7	la cita	appointment
7	el ordenador	computer
7	el móvil	mobile phone
7	el teléfono	telephone
7	el correo	email / mail
7	internet	internet
7	la escuela	school
7	la universidad	university
7	el profesor	teacher
7	el alumno	pupil
7	el estudiante	student
7	la clase	class
7	el examen	exam
7	el libro	book
7	el cuaderno	notebook
7	el bolígrafo	pen
7	el papel	paper
7	la nota	grade / note
7	aprender	to learn
7	estudiar	to study
7	el dinero	money
7	el euro	euro
7	el banco	bank
7	el precio	price
7	la cuenta	bill / account
7	caro	expensive
7	barato	cheap
7	pagar	to pay
7	comprar	to buy
7	vender	to sell
8	el viaje	trip
8	las vacaciones	holidays
8	el tren	train
8	la estación	station
8	el autobús	bus
8	el coche	car
8	la bicicleta	bicycle
8	el avión	plane
8	el aeropuerto	airport
8	el billete	ticket
8	la calle	street
8	el camino	way / path
8	el puente	bridge
8	la plaza	square
8	la esquina	corner
8	el hotel	hotel
8	el mapa	map
8	la izquierda	left
8	la derecha	right
8	recto	straight ahead
8	la naturaleza	nature
8	el árbol	tree
8	la flor	flower
8	el bosque	forest
8	la montaña	mountain
8	el río	river
8	el lago	lake
8	el mar	sea
8	la playa	beach
8	el sol	sun
8	la luna	moon
8	el cielo	sky
8	la nube	cloud
8	la lluvia	rain
8	la nieve	snow
8	el viento	wind
8	el clima	climate / weather
8	el aire	air
8	el fuego	fire
8	la tierra	earth / land
9	grande	big
9	pequeño	small
9	nuevo	new
9	viejo	old
9	joven	young
9	largo	long
9	corto	short
9	alto	tall / high
9	bajo	low / short
9	rápido	fast
9	lento	slow
9	temprano	early
9	tarde	late
9	bueno	good
9	malo	bad
9	bonito	pretty
9	feo	ugly
9	fácil	easy
9	difícil	difficult
9	ligero	light
9	importante	important
9	correcto	correct
9	pesado	heavy
9	seguro	safe / sure
9	posible	possible
9	necesario	necessary
9	lleno	full
9	vacío	empty
9	caliente	hot
9	frío	cold
9	templado	warm
9	mojado	wet
9	seco	dry
9	limpio	clean
9	sucio	dirty
9	tranquilo	calm
9	ruidoso	noisy
9	fuerte	strong
9	débil	weak
9	rico	rich / tasty
9	pobre	poor
9	feliz	happy
9	triste	sad
9	libre	free
10	comer	to eat
10	beber	to drink
10	dormir	to sleep
10	levantarse	to get up
10	trabajar	to work
10	jugar	to play
10	correr	to run
10	conducir	to drive
10	volar	to fly
10	cocinar	to cook
10	ayudar	to help
10	amar	to love
10	escuchar	to listen
10	oír	to hear
10	leer	to read
10	escribir	to write
10	mostrar	to show
10	abrir	to open
10	cerrar	to close
10	empezar	to begin
10	terminar	to finish
10	esperar	to wait / hope
10	buscar	to look for
10	perder	to lose
10	ganar	to win / earn
10	olvidar	to forget
10	recordar	to remember
10	entender	to understand
10	explicar	to explain
10	reír	to laugh
10	llorar	to cry
10	cantar	to sing
10	bailar	to dance
10	viajar	to travel
10	visitar	to visit
10	comprar	to buy
10	pedir	to ask for / order
10	probar	to try / taste
10	usar	to use
10	cambiar	to change
3	cero	zero
3	uno	one
3	dos	two
3	tres	three
3	cuatro	four
3	cinco	five
3	seis	six
3	siete	seven
3	ocho	eight
3	nueve	nine
3	diez	ten
3	once	eleven
3	doce	twelve
3	veinte	twenty
3	treinta	thirty
3	cien	hundred
3	mil	thousand
3	primero	first
3	segundo	second
3	último	last
6	el color	colour
6	rojo	red
6	azul	blue
6	verde	green
6	amarillo	yellow
6	negro	black
6	blanco	white
6	gris	grey
6	marrón	brown
6	naranja	orange
6	rosa	pink
6	morado	purple
8	el animal	animal
8	el perro	dog
8	el gato	cat
8	el caballo	horse
8	la vaca	cow
8	el cerdo	pig
8	la oveja	sheep
8	la gallina	hen
8	el pájaro	bird
8	el pez	fish
8	el ratón	mouse
8	el oso	bear
8	el león	lion
8	el elefante	elephant
8	la araña	spider
8	la abeja	bee
8	la televisión	television
8	la película	film
8	la música	music
8	la canción	song
8	la radio	radio
8	el periódico	newspaper
8	el mensaje	message
8	la foto	photo
8	la cámara	camera
8	el juego	game
8	la aplicación	app
8	el archivo	file
8	el programa	program
8	la página web	website
8	la contraseña	password
7	el sentimiento	feeling
7	el amor	love
7	el miedo	fear
7	la alegría	joy
7	la rabia	anger
7	la esperanza	hope
7	la diversión	fun
7	la preocupación	worry
7	contento	glad
7	enfadado	angry
7	nervioso	nervous
7	tranquilo	calm
7	orgulloso	proud
7	sorprendido	surprised
7	aburrido	bored
7	interesante	interesting
9	la verdad	truth
9	la libertad	freedom
9	el poder	power
9	el derecho	right / law
9	la posibilidad	possibility
9	la realidad	reality
9	el pensamiento	thought
9	la emoción	emotion
9	el sentido	sense / meaning
9	el objetivo	goal
9	la opinión	opinion
9	la experiencia	experience
9	el éxito	success
9	el error	mistake
9	el peligro	danger
9	la oportunidad	opportunity
9	la diferencia	difference
9	el ejemplo	example
9	la regla	rule
9	el orden	order
4	así que	so
4	por eso	that’s why
4	sin embargo	however
4	aunque	although
4	sino	but rather
4	pues	well / because
4	para que	so that
4	primero	first
4	después	afterwards
4	finalmente	finally
4	por ejemplo	for example
4	además	besides
4	mientras	while
4	cuando	when
4	antes	before
4	luego	then
10	recibir	to receive
10	traer	to bring
10	poner	to put
10	sacar	to take out
10	colocar	to place
10	tirar	to pull / throw
10	coger	to take / grab
10	lanzar	to throw
10	caer	to fall
10	subir	to go up
10	bajar	to go down
10	sentarse	to sit down
10	construir	to build
10	lograr	to achieve
10	decidir	to decide
10	intentar	to try
10	pertenecer	to belong
10	significar	to mean
10	ocurrir	to happen
10	brillar	to shine
10	gustar	to like / please
10	agradecer	to thank
10	saludar	to greet
10	besar	to kiss
10	mirar	to look
10	notar	to notice
10	reconocer	to recognise
10	mover	to move
10	nadar	to swim
10	saltar	to jump
10	crecer	to grow
10	nacer	to be born
7	el médico	doctor
7	la enfermera	nurse
7	el profesor	teacher
7	el policía	police officer
7	el vendedor	salesperson
7	el cocinero	cook
7	el camarero	waiter
7	el conductor	driver
7	el agricultor	farmer
7	el ingeniero	engineer
7	el abogado	lawyer
7	el artista	artist
7	el músico	musician
7	el actor	actor
7	el escritor	writer
7	el científico	scientist
8	la tienda	shop
8	el supermercado	supermarket
8	el mercado	market
8	el restaurante	restaurant
8	la cafetería	café
8	la panadería	bakery
8	la farmacia	pharmacy
8	el correo	post office
8	la iglesia	church
8	el museo	museum
8	el teatro	theatre
8	el cine	cinema
8	el parque	park
8	la biblioteca	library
8	el ayuntamiento	town hall
8	la policía	police
8	el hospital	hospital
8	el aseo	toilet
8	el ascensor	lift
8	la escalera	stairs
9	el deporte	sport
9	el fútbol	football
9	el partido	match
9	el equipo	team
9	la pelota	ball
9	el gol	goal
9	nadar	to swim
9	correr	to run
9	saltar	to jump
9	ganar	to win
9	perder	to lose
9	entrenar	to train
9	el jugador	player
9	el estadio	stadium
9	el campeonato	championship
9	la victoria	victory
7	la herramienta	tool
7	el martillo	hammer
7	las tijeras	scissors
7	el espejo	mirror
7	la toalla	towel
7	el jabón	soap
7	el cepillo	brush
7	el peine	comb
7	la manta	blanket
7	la almohada	pillow
7	la cortina	curtain
7	la alfombra	carpet
7	el enchufe	plug / socket
7	la pila	battery
7	la nevera	fridge
7	el horno	oven
5	pronto	soon
5	de repente	suddenly
5	por fin	finally
5	enseguida	right away
5	antes	before
5	entonces	then
5	en todas partes	everywhere
5	en ninguna parte	nowhere
5	en algún sitio	somewhere
5	dentro	inside
5	fuera	outside
5	arriba	up / above
5	abajo	down / below
5	delante	in front
5	detrás	behind
5	lejos	far
5	cerca	near
5	exactamente	exactly
5	despacio	slowly
5	deprisa	quickly
6	el segundo	second
6	la primavera	spring
6	el verano	summer
6	el otoño	autumn
6	el invierno	winter
6	el lunes	Monday
6	el martes	Tuesday
6	el miércoles	Wednesday
6	el jueves	Thursday
6	el viernes	Friday
6	el sábado	Saturday
6	el domingo	Sunday
6	el fin de semana	weekend
6	la fiesta	party / holiday
6	el cumpleaños	birthday
6	el futuro	future
6	el pasado	past
6	el presente	present
6	esta noche	tonight
6	pasado mañana	day after tomorrow
8	el hombro	shoulder
8	la rodilla	knee
8	el codo	elbow
8	la piel	skin
8	la sangre	blood
8	el hueso	bone
8	el cerebro	brain
8	el pulmón	lung
8	la lengua	tongue
8	el labio	lip
8	la mejilla	cheek
8	la frente	forehead
8	la barbilla	chin
8	la uña	nail
8	el talón	heel
8	la muñeca	wrist
4	empezar	to start
4	parar	to stop
4	continuar	to continue
4	llegar	to arrive
4	salir	to depart
4	subir	to get on / go up
4	bajar	to get off / go down
4	cambiar	to change
4	acompañar	to accompany
4	regresar	to come back
4	irse	to go away
4	entrar	to come in
4	salir	to go out
4	abrir	to open
4	cerrar	to close
4	encender	to switch on
4	apagar	to switch off
4	llamar	to phone
4	prestar atención	to pay attention
4	ir de compras	to go shopping
4	ordenar	to tidy
4	recoger	to pick up
4	preparar	to prepare
4	repetir	to repeat
4	contar	to tell / count
4	informar	to report
4	describir	to describe
4	mencionar	to mention
4	sugerir	to suggest
4	recomendar	to recommend
4	prometer	to promise
4	disculparse	to apologise
6	mejorar	to improve
6	comparar	to compare
6	elegir	to choose
6	coleccionar	to collect
6	compartir	to share
6	conectar	to connect
6	separar	to separate
6	mezclar	to mix
6	llenar	to fill
6	vaciar	to empty
6	cortar	to cut
6	romper	to break
6	reparar	to repair
6	limpiar	to clean
6	lavar	to wash
6	secar	to dry
6	planchar	to iron
6	coser	to sew
6	pintar	to paint
6	dibujar	to draw
6	construir	to build
6	cavar	to dig
6	plantar	to plant
6	cosechar	to harvest
6	regar	to water
6	hornear	to bake
6	freír	to fry
6	asar	to roast / grill
6	remover	to stir
6	probar	to taste
6	servir	to serve
6	pedir	to order
7	pensar en	to think of
7	alegrarse	to be glad
7	enfadarse	to get angry
7	asustarse	to get scared
7	acordarse	to remember
7	enamorarse	to fall in love
7	casarse	to marry
7	divorciarse	to divorce
7	nacer	to be born
7	morir	to die
7	crecer	to grow
7	vivir	to live
7	respirar	to breathe
7	toser	to cough
7	estornudar	to sneeze
7	sudar	to sweat
7	temblar	to tremble
7	sentir	to feel
7	tocar	to touch
7	oler	to smell
7	saborear	to savour
7	notar	to notice
7	observar	to observe
7	mirar	to look at
7	descubrir	to discover
7	explorar	to explore
7	medir	to measure
7	pesar	to weigh
7	contar	to count
7	calcular	to calculate
7	soñar	to dream
7	despertar	to wake
5	el plátano	banana
5	la naranja	orange
5	el limón	lemon
5	la fresa	strawberry
5	la cereza	cherry
5	la uva	grape
5	la pera	pear
5	el melocotón	peach
5	el tomate	tomato
5	la cebolla	onion
5	el ajo	garlic
5	la zanahoria	carrot
5	la lechuga	lettuce
5	el pepino	cucumber
5	la judía	bean
5	el guisante	pea
5	el champiñón	mushroom
5	el maíz	corn
5	la pasta	pasta
5	la pizza	pizza
5	la salchicha	sausage
5	el jamón	ham
5	el pollo	chicken
5	la ternera	beef
5	el cerdo	pork
5	el marisco	seafood
5	la gamba	prawn
5	el pastel	cake
5	la galleta	biscuit
5	el chocolate	chocolate
5	el helado	ice cream
5	la miel	honey
5	la mermelada	jam
5	el aceite	oil
5	el vinagre	vinegar
5	la pimienta	pepper
5	la harina	flour
5	la nata	cream
5	el yogur	yoghurt
5	la comida	meal
6	el salón	living room
6	el comedor	dining room
6	el pasillo	hallway
6	el sótano	basement
6	el desván	attic
6	el balcón	balcony
6	el garaje	garage
6	el tejado	roof
6	la escalera	staircase
6	el horno	oven
6	la cocina	stove
6	la nevera	fridge
6	la lavadora	washing machine
6	el lavavajillas	dishwasher
6	el televisor	TV set
6	la calefacción	heating
6	el aire acondicionado	air conditioning
6	la estantería	shelf
6	el cajón	drawer
6	el sillón	armchair
6	el fregadero	sink
6	la ducha	shower
6	la bañera	bathtub
6	el inodoro	toilet
6	el grifo	tap
6	la bombilla	light bulb
6	el interruptor	switch
6	el cable	cable
6	la basura	rubbish
6	el alquiler	rent
6	el vecino	neighbour
6	el casero	landlord
7	la piedra	stone
7	la arena	sand
7	la tierra	soil
7	la hierba	grass
7	la hoja	leaf
7	la raíz	root
7	la rama	branch
7	la semilla	seed
7	la cosecha	harvest
7	el campo	field
7	el prado	meadow
7	la colina	hill
7	el valle	valley
7	la cueva	cave
7	la costa	coast
7	la isla	island
7	la cascada	waterfall
7	el arroyo	stream
7	el estanque	pond
7	el pantano	swamp
7	el desierto	desert
7	la selva	jungle
7	el volcán	volcano
7	el terremoto	earthquake
7	la tormenta	storm
7	el trueno	thunder
7	el relámpago	lightning
7	la niebla	fog
7	la escarcha	frost
7	el hielo	ice
7	el calor	heat
7	la sombra	shadow
7	la estrella	star
7	el planeta	planet
7	el sol	sun
7	el universo	universe
8	el conejo	rabbit
8	la liebre	hare
8	la ardilla	squirrel
8	el zorro	fox
8	el lobo	wolf
8	el ciervo	deer
8	el erizo	hedgehog
8	el pato	duck
8	el ganso	goose
8	el gallo	rooster
8	la paloma	pigeon
8	el búho	owl
8	el águila	eagle
8	la mariposa	butterfly
8	la mosca	fly
8	el mosquito	mosquito
8	la hormiga	ant
8	el escarabajo	beetle
8	el gusano	worm
8	la serpiente	snake
8	el lagarto	lizard
8	la rana	frog
8	la tortuga	turtle
8	el tiburón	shark
8	la ballena	whale
8	el delfín	dolphin
8	el tigre	tiger
8	el mono	monkey
8	la jirafa	giraffe
8	la cebra	zebra
8	el camello	camel
8	el ratón	mouse
6	grueso	thick
6	delgado	thin
6	ancho	wide
6	estrecho	narrow
6	profundo	deep
6	llano	flat
6	redondo	round
6	cuadrado	square
6	recto	straight
6	torcido	crooked
6	afilado	sharp
6	romo	blunt
6	duro	hard
6	blando	soft
6	liso	smooth
6	áspero	rough
6	brillante	bright
6	oscuro	dark
6	claro	clear
6	turbio	murky
6	dulce	sweet
6	agrio	sour
6	amargo	bitter
6	salado	salty
6	fresco	fresh
6	podrido	rotten
6	maduro	ripe
6	crudo	raw
6	cocido	cooked
6	delicioso	delicious
6	asqueroso	disgusting
6	sano	healthy
8	amable	kind
8	educado	polite
8	maleducado	rude
8	honesto	honest
8	simpático	nice
8	antipático	unpleasant
8	listo	clever
8	tonto	silly
8	trabajador	hardworking
8	perezoso	lazy
8	valiente	brave
8	miedoso	fearful
8	paciente	patient
8	impaciente	impatient
8	generoso	generous
8	tacaño	stingy
8	tímido	shy
8	seguro	confident
8	serio	serious
8	gracioso	funny
8	raro	strange
8	normal	normal
8	común	common
8	especial	special
8	famoso	famous
8	popular	popular
8	conocido	well-known
8	extranjero	foreign
8	parecido	similar
8	mismo	same
8	distinto	different
8	único	unique
9	el espacio	space
9	la cantidad	quantity
9	el número	number
9	la parte	part
9	el conjunto	whole / set
9	la mitad	half
9	el final	end
9	el principio	beginning
9	el medio	middle
9	la serie	series
9	la consecuencia	consequence
9	la causa	cause
9	el efecto	effect
9	el objetivo	objective
9	el plan	plan
9	la decisión	decision
9	la elección	choice
9	la solución	solution
9	el deber	duty
9	la responsabilidad	responsibility
9	el significado	meaning
9	la ventaja	advantage
9	la desventaja	disadvantage
9	la dificultad	difficulty
9	la situación	situation
9	la condición	condition
9	el cambio	change
9	el desarrollo	development
9	el progreso	progress
9	el crecimiento	growth
9	la meta	goal
9	el propósito	purpose
7	el humor	mood
7	la satisfacción	satisfaction
7	la decepción	disappointment
7	la sorpresa	surprise
7	la emoción	excitement
7	el aburrimiento	boredom
7	la soledad	loneliness
7	el orgullo	pride
7	la vergüenza	shame
7	la culpa	guilt
7	la envidia	envy
7	los celos	jealousy
7	la lástima	pity
7	la gratitud	gratitude
7	el cariño	affection
7	el asombro	amazement
7	contento	happy
7	satisfecho	content
7	infeliz	unhappy
7	emocionado	excited
7	relajado	relaxed
7	estresado	stressed
7	agotado	exhausted
7	confundido	confused
7	decepcionado	disappointed
7	entusiasmado	enthusiastic
7	curioso	curious
7	preocupado	worried
7	el negocio	business
7	el comercio	trade
7	el cliente	customer
7	la venta	sale
7	la compra	purchase
7	la oferta	offer
7	la demanda	demand
7	la ganancia	profit
7	la pérdida	loss
7	el coste	cost
7	el impuesto	tax
7	la factura	invoice
7	el recibo	receipt
7	el sueldo	salary
7	el salario	wage
7	la deuda	debt
7	el préstamo	loan
7	el crédito	credit
7	la cuenta	account
7	la moneda	coin
7	el billete	banknote
7	el efectivo	cash
7	la economía	economy
7	la industria	industry
7	la fábrica	factory
7	el producto	product
7	la mercancía	goods
7	la entrega	delivery
7	el contrato	contract
7	la inversión	investment
7	la acción	share / stock
7	el gerente	manager
7	el empleado	employee
7	el departamento	department
7	la reunión	meeting
7	el pedido	order
8	la ciencia	science
8	la investigación	research
8	el experimento	experiment
8	la teoría	theory
8	la tecnología	technology
8	la máquina	machine
8	el motor	engine
8	el aparato	device
8	la pantalla	screen
8	el teclado	keyboard
8	el ratón	mouse
8	la impresora	printer
8	el programa	software
8	la red	network
8	el servidor	server
8	la conexión	connection
8	la señal	signal
8	la energía	energy
8	la corriente	current
8	la fuerza	force
8	la velocidad	speed
8	el peso	weight
8	la longitud	length
8	la altura	height
8	la anchura	width
8	el área	area
8	el volumen	volume
8	la temperatura	temperature
8	la sustancia	substance
8	el elemento	element
8	el metal	metal
8	el plástico	plastic
8	la química	chemistry
8	la física	physics
8	la biología	biology
8	las matemáticas	mathematics
8	el arte	art
8	el cuadro	painting
8	el dibujo	drawing
8	la escultura	sculpture
8	el artista	artist
8	el concierto	concert
8	la ópera	opera
8	el instrumento	instrument
8	la guitarra	guitar
8	el piano	piano
8	el tambor	drum
8	el cantante	singer
8	el grupo	band
8	la novela	novel
8	el poema	poem
8	la historia	story / history
8	la revista	magazine
8	el artículo	article
8	el programa	programme
8	el actor	actor
8	el escenario	stage
8	la función	performance
8	el público	audience
8	la cultura	culture
8	la tradición	tradition
8	la fiesta	festival
8	la celebración	celebration
8	el baile	dance
8	la canción	song
8	la melodía	melody
8	el ritmo	rhythm
8	el teatro	theatre
7	la educación	education
7	la asignatura	subject
7	la conferencia	lecture
7	los deberes	homework
7	el ejercicio	exercise
7	la prueba	test
7	el título	degree
7	el conocimiento	knowledge
7	la habilidad	ability
7	el error	mistake
7	la corrección	correction
7	la explicación	explanation
7	el ejemplo	example
7	la regla	rule
7	el idioma	language
7	el alfabeto	alphabet
7	la letra	letter
7	la sílaba	syllable
7	la frase	sentence
7	la gramática	grammar
7	el significado	meaning
7	la pronunciación	pronunciation
7	el párrafo	paragraph
7	la página	page
7	el capítulo	chapter
7	la nota	note
7	el lápiz	pencil
7	la goma	eraser
7	la regla	ruler
7	la pizarra	blackboard
7	el diccionario	dictionary
7	la biblioteca	library
9	la sociedad	society
9	el gobierno	government
9	el estado	state
9	el pueblo	people / nation
9	el ciudadano	citizen
9	la política	politics
9	el partido	party
9	la elección	election
9	el voto	vote
9	la ley	law
9	el derecho	right
9	el tribunal	court
9	el juez	judge
9	el abogado	lawyer
9	el crimen	crime
9	el ladrón	thief
9	el castigo	punishment
9	la cárcel	prison
9	la seguridad	security
9	la paz	peace
9	la guerra	war
9	el ejército	army
9	el soldado	soldier
9	la frontera	border
9	la libertad	freedom
9	la igualdad	equality
9	la justicia	justice
9	la religión	religion
9	la iglesia	church
9	el dios	god
9	la fe	faith
9	la nación	nation
7	el tratamiento	treatment
7	el examen	examination
7	la operación	operation
7	la inyección	injection
7	la pastilla	pill
7	la receta	prescription
7	la venda	bandage
7	la herida	wound
7	la lesión	injury
7	el accidente	accident
7	la gripe	flu
7	el resfriado	cold
7	la tos	cough
7	la alergia	allergy
7	el dentista	dentist
7	la farmacia	pharmacy
7	el seguro médico	health insurance
7	el paciente	patient
7	el diagnóstico	diagnosis
7	la cura	cure
7	la nutrición	nutrition
7	la dieta	diet
7	el ejercicio	exercise
7	el sueño	sleep
7	el descanso	rest
7	el cuidado	care
7	la higiene	hygiene
7	embarazada	pregnant
7	ciego	blind
7	sordo	deaf
7	discapacitado	disabled
7	la sangre	blood
6	el metro	underground
6	el tranvía	tram
6	el taxi	taxi
6	el camión	lorry
6	la moto	motorbike
6	el barco	ship
6	la barca	boat
6	el puerto	port
6	la parada	stop
6	el andén	platform
6	el horario	timetable
6	el retraso	delay
6	el tráfico	traffic
6	el semáforo	traffic light
6	la señal	sign
6	el carné de conducir	driving licence
6	la gasolina	petrol
6	la gasolinera	petrol station
6	el aparcamiento	car park
6	la rueda	wheel / tyre
6	el freno	brake
6	el asiento	seat
6	el cinturón	seatbelt
6	el viaje	journey
6	la excursión	excursion
6	el equipaje	luggage
6	la maleta	suitcase
6	la mochila	backpack
6	el pasaporte	passport
6	el visado	visa
6	el alojamiento	accommodation
6	la aduana	customs
7	los vaqueros	jeans
7	la camiseta	T-shirt
7	la blusa	blouse
7	el traje	suit
7	la corbata	tie
7	el cinturón	belt
7	la bufanda	scarf
7	los guantes	gloves
7	la gorra	cap
7	las botas	boots
7	las sandalias	sandals
7	la ropa interior	underwear
7	el pijama	pyjamas
7	el bañador	swimsuit
7	el bolso	bag
7	la cartera	wallet
7	la joya	jewellery
7	el anillo	ring
7	el collar	necklace
7	el reloj	watch
7	la talla	size
7	la moda	fashion
7	la tela	fabric
7	el algodón	cotton
7	la lana	wool
7	la seda	silk
7	el cuero	leather
7	el botón	button
7	la cremallera	zip
7	el bolsillo	pocket
7	el cuello	collar
7	la manga	sleeve
6	la cosa	thing
6	el objeto	object
6	la caja	box
6	la bolsa	bag
6	el paquete	parcel
6	la carta	letter
6	la tarjeta	card
6	el sobre	envelope
6	el sello	stamp
6	las tijeras	scissors
6	el pegamento	glue
6	la cinta	tape
6	la cuerda	string / rope
6	el hilo	thread
6	la aguja	needle
6	el clavo	nail
6	el tornillo	screw
6	la escalera	ladder
6	el cubo	bucket
6	el cuenco	bowl
6	la olla	pot
6	la sartén	pan
6	la bandeja	tray
6	la cesta	basket
6	la tapa	lid
6	la vela	candle
6	las cerillas	matches
6	la linterna	torch
6	el paraguas	umbrella
6	el abanico	fan
6	la balanza	scales
6	el imán	magnet
6	la conversación	conversation
6	la discusión	discussion
6	el discurso	speech
6	el anuncio	announcement
6	la opinión	opinion
6	el consejo	advice
6	la petición	request
6	el permiso	permission
6	la promesa	promise
6	la advertencia	warning
6	la amenaza	threat
6	la mentira	lie
6	la verdad	truth
6	el secreto	secret
6	el chiste	joke
6	el saludo	greeting
6	el agradecimiento	thanks
6	la disculpa	apology
6	la invitación	invitation
6	el mensaje	message
6	la llamada	call
6	la palabra	word
6	la voz	voice
6	el sonido	sound
6	el ruido	noise
6	el silencio	silence
6	el idioma	language
6	la respuesta	reply
6	los padres	parents
6	la abuela	grandmother
6	el abuelo	grandfather
6	el tío	uncle
6	la tía	aunt
6	el primo	cousin (m)
6	la prima	cousin (f)
6	el sobrino	nephew
6	la sobrina	niece
6	el nieto	grandson
6	la nieta	granddaughter
6	el marido	husband
6	la esposa	wife
6	la pareja	partner
6	la novia	girlfriend
6	el novio	boyfriend
6	los parientes	relatives
6	el vecino	neighbour
6	el conocido	acquaintance
6	el invitado	guest
6	la boda	wedding
6	el matrimonio	marriage
6	el divorcio	divorce
6	el nacimiento	birth
6	la infancia	childhood
6	la juventud	youth
6	la edad	age
6	la relación	relationship
7	el edificio	building
7	la torre	tower
7	el castillo	castle
7	la fortaleza	fortress
7	la fábrica	factory
7	el almacén	warehouse
7	la granja	farm
7	el granero	barn
7	la sala	hall
7	el estadio	stadium
7	el zoológico	zoo
7	el cementerio	cemetery
7	la mezquita	mosque
7	el templo	temple
7	la embajada	embassy
7	el juzgado	courthouse
7	la escuela	school
7	la guardería	nursery
7	la universidad	university
7	el laboratorio	laboratory
7	el puente	bridge
7	el túnel	tunnel
7	la valla	fence
7	la puerta	gate
7	la entrada	entrance
7	la salida	exit
7	el número	number
7	la dirección	address
7	el barrio	district
7	las afueras	suburbs
7	la capital	capital
7	la zona	zone
6	la tienda	shop
6	los grandes almacenes	department store
6	la caja	checkout
6	el dependiente	shop assistant
6	el carrito	shopping trolley
6	la bolsa	bag
6	la oferta	special offer
6	el descuento	discount
6	las rebajas	sales
6	la garantía	warranty
6	el cambio	exchange / change
6	la devolución	return
6	la calidad	quality
6	la marca	brand
6	la etiqueta	label
6	la selección	selection
6	la panadería	bakery
6	la carnicería	butcher’s
6	la pastelería	patisserie
6	el quiosco	kiosk
6	la droguería	drugstore
6	la librería	bookshop
6	la floristería	florist
6	la joyería	jeweller
6	el horario	opening hours
6	cerrado	closed
6	abierto	open
6	gratis	free
5	ciertamente	certainly
5	probablemente	probably
5	posiblemente	possibly
5	ojalá	hopefully
5	desgraciadamente	unfortunately
5	afortunadamente	fortunately
5	especialmente	especially
5	principalmente	mainly
5	parcialmente	partly
5	completamente	completely
5	aproximadamente	approximately
5	al menos	at least
5	como máximo	at most
5	incluso	even
5	apenas	hardly
5	constantemente	constantly
5	ocasionalmente	occasionally
5	normalmente	usually
5	una vez	once
5	dos veces	twice
5	varias veces	several times
5	en primer lugar	firstly
5	por cierto	by the way
5	en total	in total
5	sobre todo	above all
5	en general	in general
5	por supuesto	of course
5	de repente	suddenly
7	pertenecer a	to belong to
7	consistir en	to consist of
7	cuidar	to take care
7	apresurarse	to hurry
7	relajarse	to relax
7	vestirse	to get dressed
7	desvestirse	to undress
7	lavarse	to wash oneself
7	sentarse	to sit down
7	acostarse	to lie down
7	despertarse	to wake up
7	dormirse	to fall asleep
7	reunirse	to meet
7	quedar	to arrange to meet
7	participar	to take part
7	solicitar	to apply
7	firmar	to sign
7	rellenar	to fill in
7	imprimir	to print
7	copiar	to copy
7	borrar	to delete
7	guardar	to save
7	descargar	to download
7	subir	to upload
7	hacer clic	to click
7	escribir	to type
7	prohibir	to forbid
7	permitir	to allow
7	reservar	to book
7	cancelar	to cancel
7	confirmar	to confirm
7	aceptar	to accept
5	el kilo	kilo
5	el gramo	gram
5	el litro	litre
5	el metro	metre
5	el centímetro	centimetre
5	el kilómetro	kilometre
5	el pedazo	piece
5	el par	pair
5	la docena	dozen
5	la ración	portion
5	la rebanada	slice
5	el cuarto	quarter
5	el tercio	third
5	el porcentaje	percentage
5	la cantidad	quantity
5	mucho	much
5	poco	little
5	más	more
5	menos	less
5	algunos	some
5	varios	several
5	todos	all
5	ambos	both
5	cada	each
5	ninguno	none
5	bastante	enough
5	demasiado	too much
5	la media	average
5	enero	January
5	febrero	February
5	marzo	March
5	abril	April
5	mayo	May
5	junio	June
5	julio	July
5	agosto	August
5	septiembre	September
5	octubre	October
5	noviembre	November
5	diciembre	December
5	la fecha	date
5	el calendario	calendar
5	la estación	season
5	la cita	appointment
5	anteayer	day before yesterday
5	la próxima semana	next week
5	la semana pasada	last week
5	antes	before
5	más tarde	later
5	pronto	soon
5	puntual	on time
5	a tiempo	in time
8	la madera	wood
8	el hierro	iron
8	el acero	steel
8	el oro	gold
8	la plata	silver
8	el cobre	copper
8	el vidrio	glass
8	el papel	paper
8	el cartón	cardboard
8	la arcilla	clay
8	el cemento	concrete
8	el ladrillo	brick
8	el caucho	rubber
8	la cera	wax
8	la sal	salt
8	el carbón	coal
8	el petróleo	oil
8	el gas	gas
8	el polvo	dust
8	la suciedad	dirt
8	la espuma	foam
8	el humo	smoke
8	la ceniza	ash
8	el vapor	steam
4	el norte	north
4	el sur	south
4	el este	east
4	el oeste	west
4	arriba	up / above
4	abajo	down / below
4	delante	front
4	detrás	back
4	dentro	inside
4	fuera	outside
4	al lado	beside
4	enfrente	opposite
4	entre	between
4	encima	on top
4	debajo	underneath
4	alrededor	around
4	la dirección	direction
4	la distancia	distance
4	cerca	near
4	lejos	far
9	la oportunidad	opportunity
9	la casualidad	coincidence
9	la suerte	luck
9	la esperanza	hope
9	el sueño	dream
9	el deseo	wish
9	la necesidad	need
9	la costumbre	habit
9	la experiencia	experience
9	el recuerdo	memory
9	la impresión	impression
9	la duda	doubt
9	la precaución	caution
9	la paciencia	patience
9	el esfuerzo	effort
9	el intento	attempt
9	el resultado	result
9	la consecuencia	consequence
9	el beneficio	benefit
9	el efecto	effect
9	la excepción	exception
9	la circunstancia	circumstance
9	la condición	condition
9	la posibilidad	possibility
9	el hecho	fact
9	el detalle	detail
9	el aspecto	aspect
9	el factor	factor
8	alcanzar	to reach
8	perder	to miss
8	permitir	to permit
8	impedir	to prevent
8	proteger	to protect
8	salvar	to rescue
8	arriesgar	to risk
8	apoyar	to support
8	animar	to encourage
8	elogiar	to praise
8	criticar	to criticise
8	quejarse	to complain
8	discutir	to argue
8	luchar	to fight
8	vencer	to defeat
8	rendirse	to give up
8	conquistar	to conquer
8	dominar	to master
8	dirigir	to lead
8	organizar	to organise
8	planear	to plan
8	fundar	to found
8	desarrollar	to develop
8	producir	to produce
8	entregar	to deliver
8	distribuir	to distribute
8	ahorrar	to save
8	gastar	to spend
8	ganar	to earn
8	prestar	to lend
8	deber	to owe
8	invertir	to invest
9	significar	to mean
9	representar	to represent
9	afectar	to affect
9	contener	to contain
9	requerir	to require
9	permitir	to enable
9	causar	to cause
9	influir	to influence
9	determinar	to determine
9	probar	to prove
9	demostrar	to demonstrate
9	afirmar	to claim
9	confirmar	to confirm
9	negar	to deny
9	dudar	to doubt
9	sospechar	to suspect
9	esperar	to expect
9	predecir	to predict
9	estimar	to estimate
9	evaluar	to evaluate
9	juzgar	to judge
9	considerar	to consider
9	reflexionar	to reflect
9	imaginar	to imagine
9	reconocer	to recognise
9	comprender	to comprehend
9	confundir	to confuse
9	distinguir	to distinguish
9	relacionar	to relate
9	comparar	to compare
9	resolver	to solve
9	analizar	to analyse
7	el mundo	world
7	el continente	continent
7	el país	country
7	la nación	nation
7	la región	region
7	el territorio	territory
7	la provincia	province
7	el distrito	district
7	España	Spain
7	Francia	France
7	Alemania	Germany
7	Italia	Italy
7	Inglaterra	England
7	Europa	Europe
7	África	Africa
7	Asia	Asia
7	América	America
7	el mar	sea
7	el océano	ocean
7	el paisaje	landscape
7	el entorno	surroundings
7	el medio ambiente	environment
7	el clima	climate
7	la población	population
7	el idioma	language
7	la cultura	culture
7	la capital	capital
7	la bandera	flag
8	la planta	plant
8	el arbusto	bush
8	el seto	hedge
8	la palmera	palm tree
8	el roble	oak
8	el pino	pine
8	la rosa	rose
8	el tulipán	tulip
8	la margarita	daisy
8	el cactus	cactus
8	el musgo	moss
8	el hongo	fungus
8	el cereal	grain
8	el trigo	wheat
8	el heno	hay
8	la paja	straw
8	la fruta	fruit
8	la nuez	nut
8	la baya	berry
8	la pepita	seed
8	la flor	blossom
8	el aroma	scent
8	el jardín	garden
8	el huerto	orchard
6	la vajilla	crockery
6	la servilleta	napkin
6	el mantel	tablecloth
6	el sacacorchos	corkscrew
6	el abrelatas	can opener
6	la tabla de cortar	chopping board
6	la batidora	blender
6	el hervidor	kettle
6	el microondas	microwave
6	la tostadora	toaster
6	la receta	recipe
6	el ingrediente	ingredient
6	la ración	portion
6	el sabor	flavour
6	el olor	smell
6	el apetito	appetite
6	la sed	thirst
6	el hambre	hunger
6	la bebida	drink
6	el postre	dessert
6	el entrante	starter
6	el plato principal	main course
6	la guarnición	side dish
6	la merienda	snack
7	el pasatiempo	hobby
7	el tiempo libre	free time
7	el placer	pleasure
7	el entretenimiento	entertainment
7	la lectura	reading
7	la cocina	cooking
7	el senderismo	hiking
7	el ciclismo	cycling
7	la natación	swimming
7	el dibujo	drawing
7	la fotografía	photography
7	la jardinería	gardening
7	el coleccionismo	collecting
7	el viaje	travelling
7	el juego	game
7	la carta	playing card
7	el ajedrez	chess
7	el rompecabezas	puzzle
7	el club	club
7	el socio	member
7	el torneo	tournament
7	la competición	competition
7	el premio	prize
7	la medalla	medal
8	útil	useful
8	inútil	useless
8	práctico	practical
8	cómodo	comfortable
8	incómodo	uncomfortable
8	moderno	modern
8	anticuado	old-fashioned
8	costoso	costly
8	valioso	valuable
8	peligroso	dangerous
8	inofensivo	harmless
8	posible	possible
8	imposible	impossible
8	verdadero	true
8	falso	false
8	auténtico	genuine
8	perfecto	perfect
8	listo	ready
8	abierto	open
8	cerrado	closed
8	privado	private
8	público	public
8	general	general
8	individual	individual
8	común	shared
8	adicional	additional
8	necesario	necessary
8	suficiente	sufficient
8	gratuito	free
8	caro	pricey
8	barato	inexpensive
8	razonable	reasonable
6	soleado	sunny
6	nublado	cloudy
6	lluvioso	rainy
6	ventoso	windy
6	brumoso	foggy
6	tormentoso	stormy
6	despejado	clear
6	húmedo	humid
6	la temperatura	temperature
6	el grado	degree
6	la previsión	forecast
6	el chubasco	shower
6	el granizo	hail
6	el rocío	dew
6	la humedad	humidity
6	la sequía	drought
6	la inundación	flood
6	el arcoíris	rainbow
6	la brisa	breeze
6	la primavera	springtime
8	el panadero	baker
8	el carnicero	butcher
8	el peluquero	hairdresser
8	el fontanero	plumber
8	el electricista	electrician
8	el mecánico	mechanic
8	el carpintero	carpenter
8	el albañil	bricklayer
8	el pintor	painter
8	el jardinero	gardener
8	el piloto	pilot
8	el capitán	captain
8	el soldado	soldier
8	el bombero	firefighter
8	el cartero	postman
8	el limpiador	cleaner
8	el funcionario	civil servant
8	el banquero	banker
8	el periodista	journalist
8	el fotógrafo	photographer
8	el traductor	translator
8	el intérprete	interpreter
8	el asesor	consultant
8	el director	director
7	la ceja	eyebrow
7	la pestaña	eyelash
7	la lengua	tongue
7	la mandíbula	jaw
7	la garganta	throat
7	el pecho	chest
7	la cadera	hip
7	el muslo	thigh
7	la pantorrilla	calf
7	el tobillo	ankle
7	el dedo del pie	toe
7	el pulgar	thumb
7	el puño	fist
7	el músculo	muscle
7	la vena	vein
7	el riñón	kidney
7	el hígado	liver
7	el nervio	nerve
7	la lágrima	tear
7	el sudor	sweat
7	el aliento	breath
7	la voz	voice
7	el pulso	pulse
7	la cintura	waist
9	la mente	mind
9	el alma	soul
9	la conciencia	consciousness
9	la razón	reason
9	la imaginación	imagination
9	la creatividad	creativity
9	la inteligencia	intelligence
9	la memoria	memory
9	la atención	attention
9	la concentración	concentration
9	el interés	interest
9	la curiosidad	curiosity
9	la sabiduría	wisdom
9	el talento	talent
9	el don	gift
9	el carácter	character
9	la personalidad	personality
9	la actitud	attitude
9	la voluntad	will
9	la intención	intention
9	el motivo	motive
9	el instinto	instinct
9	la reacción	reaction
9	el pensamiento	thought
9	el sistema	system
9	la estructura	structure
9	el método	method
9	el procedimiento	procedure
9	la técnica	technique
9	la herramienta	tool
9	el medio	means
9	la fuente	source
9	el material	material
9	la forma	form
9	el patrón	pattern
9	el modelo	model
9	el tipo	type
9	la categoría	category
9	el grupo	group
9	la red	network
9	la cadena	chain
9	la conexión	connection
9	el contacto	contact
9	la relación	relation
9	el contexto	context
9	el marco	framework
9	el detalle	detail
9	el aspecto	aspect
9	el factor	factor
9	el papel	role
9	la función	function
9	el valor	value
9	la cualidad	quality
9	la característica	feature
9	la propiedad	property
9	el rasgo	trait
8	tirar	to pull
8	empujar	to push
8	levantar	to lift
8	bajar	to lower
8	rodar	to roll
8	deslizar	to slide
8	trepar	to climb
8	gatear	to crawl
8	tropezar	to stumble
8	resbalar	to slip
8	columpiar	to swing
8	limpiar	to wipe
8	frotar	to rub
8	rascar	to scratch
8	golpear	to knock / hit
8	pinchar	to prick
8	morder	to bite
8	masticar	to chew
8	tragar	to swallow
8	bostezar	to yawn
8	susurrar	to whisper
8	gritar	to shout
8	silbar	to whistle
8	aplaudir	to clap
8	saludar con la mano	to wave
8	asentir	to nod
8	sacudir	to shake
8	abrazar	to hug
8	sonreír	to smile
8	guiñar	to wink
8	señalar	to point
8	esconder	to hide
7	el archivo	file
7	la carpeta	folder
7	el formulario	form
7	el sello	stamp
7	la firma	signature
7	el informe	report
7	la nota	note
7	el calendario	calendar
7	la reunión	meeting
7	el plazo	deadline
7	el escritorio	desk
7	la silla de oficina	office chair
7	el clip	paperclip
7	la grapadora	stapler
7	la calculadora	calculator
7	la copia	copy
7	el adjunto	attachment
7	el borrador	draft
7	la plantilla	template
7	el descanso	break
7	el turno	shift
7	la baja	sick leave
7	el jefe	boss
7	la oficina	office
5	despertarse	to wake up
5	ducharse	to shower
5	vestirse	to dress
5	desayunar	to have breakfast
5	ir al trabajo	to go to work
5	almorzar	to have lunch
5	volver a casa	to come home
5	ver la tele	to watch TV
5	acostarse	to go to bed
5	cepillarse los dientes	to brush teeth
5	afeitarse	to shave
5	maquillarse	to put on makeup
5	lavar la ropa	to do laundry
5	pasar la aspiradora	to vacuum
5	fregar los platos	to wash up
5	poner la mesa	to set the table
5	ir de compras	to go shopping
5	pasear	to go for a walk
5	descansar	to rest
5	cenar	to have dinner
6	cansado	weary
6	despierto	awake
6	hambriento	hungry
6	lleno	full
6	sediento	thirsty
6	borracho	drunk
6	sobrio	sober
6	en forma	fit
6	embarazada	pregnant
6	desnudo	naked
6	vestido	dressed
6	descalzo	barefoot
6	ordenado	tidy
6	desordenado	messy
6	puntual	punctual
6	retrasado	delayed
6	presente	present
6	ausente	absent
6	vivo	alive
6	muerto	dead
6	ocupado	busy
6	libre	free / vacant
6	disponible	available
6	agotado	sold out
3	buenos días	good morning
3	buenas tardes	good afternoon
3	buenas noches	good night
3	adiós	goodbye
3	hasta luego	see you later
3	hasta pronto	see you soon
3	bienvenido	welcome
3	buena suerte	good luck
3	que te diviertas	have fun
3	buen viaje	have a good trip
3	saludos	regards
3	ni idea	no idea
3	no hay problema	no problem
3	no importa	never mind
3	exacto	exactly
3	de acuerdo	agreed
3	lo siento	I’m sorry
3	con permiso	excuse me
3	claro que sí	of course
3	por supuesto	certainly
9	la ocasión	occasion
9	el acontecimiento	event
9	la situación	situation
9	el caso	case
9	el tema	topic
9	el punto	point
9	el asunto	matter
9	la preocupación	concern
9	el ámbito	field
9	la dirección	direction
9	el propósito	purpose
9	el interés	interest
9	el daño	damage
9	el peligro	danger
9	el riesgo	risk
9	la oportunidad	chance
9	la sugerencia	suggestion
9	la decisión	decision
9	la opinión	view
9	el punto de vista	standpoint
9	la intención	intent
9	la mejora	improvement
9	el problema	problem
9	la solución	solution
5	la cucharada	spoonful
5	la pizca	pinch
5	los ingredientes	ingredients
5	el flan	custard
5	la tarta	tart
5	el bollo	bun
5	la tostada	toast
5	el bacón	bacon
5	los huevos revueltos	scrambled eggs
5	la tortilla	omelette
5	el bocadillo	sandwich
5	la magdalena	muffin
6	la canela	cinnamon
6	el perejil	parsley
6	la albahaca	basil
6	el jengibre	ginger
6	el chile	chilli
6	la menta	mint
6	la mostaza	mustard
6	la mayonesa	mayonnaise
6	la salsa	sauce
6	el caldo	broth
6	la masa	dough
6	la corteza	crust
8	la astronomía	astronomy
8	la galaxia	galaxy
8	el cometa	comet
8	el cohete	rocket
8	el satélite	satellite
8	la gravedad	gravity
8	la órbita	orbit
8	la luna	moon
8	la Tierra	Earth
8	el oxígeno	oxygen
8	el espacio exterior	outer space
8	el astronauta	astronaut
7	la avispa	wasp
7	la oruga	caterpillar
7	el caracol	snail
7	la lombriz	earthworm
7	la mariquita	ladybird
7	el saltamontes	grasshopper
7	el murciélago	bat
7	el loro	parrot
7	el pingüino	penguin
7	el cocodrilo	crocodile
7	la foca	seal
7	el pulpo	octopus
6	dorado	golden
6	plateado	silver
6	colorido	colourful
6	azul claro	light blue
6	verde oscuro	dark green
6	turquesa	turquoise
6	beige	beige
6	violeta	violet
6	tercero	third
6	cuarto	fourth
6	quinto	fifth
6	décimo	tenth
9	la sensación	sensation
9	el picor	itch
9	el mareo	dizziness
9	la náusea	nausea
9	la fatiga	tiredness
9	el calor	warmth
9	el frío	coldness
9	el tacto	touch
9	la presión	pressure
9	el hormigueo	tingling
9	el entumecimiento	numbness
9	el equilibrio	balance
8	la asignatura	school subject
8	la historia	history
8	la geografía	geography
8	el arte	art class
8	la educación física	PE
8	la música	music class
8	la informática	computer science
8	la economía	economics
8	la filosofía	philosophy
8	la psicología	psychology
8	la medicina	medicine (field)
8	el derecho	law (field)
7	el vaso de plástico	plastic cup
7	la jarra	jug
7	el termo	thermos
7	el delantal	apron
7	el trapo	cloth
7	la esponja	sponge
7	el detergente	detergent
7	la lejía	bleach
7	el cubo de basura	bin
7	la fregona	mop
7	la escoba	broom
7	el recogedor	dustpan
8	el gobierno local	local government
8	el alcalde	mayor
8	el presidente	president
8	el ministro	minister
8	el impuesto	levy
8	el presupuesto	budget
8	la manifestación	demonstration
8	la huelga	strike
8	el sindicato	trade union
8	la protesta	protest
8	el discurso	address
8	la campaña	campaign
6	orgulloso	proud
6	avergonzado	ashamed
6	celoso	jealous
6	agradecido	grateful
6	asustado	frightened
6	sorprendido	surprised
6	aliviado	relieved
6	frustrado	frustrated
6	motivado	motivated
6	inspirado	inspired
6	satisfecho	pleased
6	decidido	determined
7	aparecer	to appear
7	desaparecer	to disappear
7	ocurrir	to occur
7	suceder	to happen
7	comenzar	to commence
7	acabar	to finish
7	durar	to last
7	repartir	to hand out
7	recoger	to gather
7	guardar	to keep
7	devolver	to return
7	prestar	to lend
7	pedir prestado	to borrow
7	añadir	to add
7	quitar	to remove
7	colgar	to hang
8	el escritor	writer
8	el poeta	poet
8	el pintor	painter
8	el escultor	sculptor
8	el bailarín	dancer
8	el chef	chef
8	el camionero	lorry driver
8	el marinero	sailor
8	el pescador	fisherman
8	el minero	miner
8	el granjero	farmer
8	el veterinario	vet
9	la teoría	theory
9	el concepto	concept
9	la idea	idea
9	la hipótesis	hypothesis
9	la prueba	proof
9	la evidencia	evidence
9	el argumento	argument
9	la conclusión	conclusion
9	el análisis	analysis
9	la comparación	comparison
9	la diferencia	difference
9	la semejanza	similarity
6	el vecindario	neighbourhood
6	la acera	pavement
6	la carretera	road
6	la autopista	motorway
6	el cruce	crossroads
6	la rotonda	roundabout
6	la fuente	fountain
6	el banco	bench
6	la farola	streetlight
6	el buzón	postbox
6	la papelera	litter bin
6	el quiosco	newsstand
