1	le / la	the
1	les	the (plural)
1	un / une	a / an
1	des	some
1	de	of / from	/də/
1	à	to / at	/a/
1	et	and	/e/
1	ou	or
1	que	that / which	/kə/
1	qui	who / which	/ki/
1	ne… pas	not
1	je	I	/ʒə/
1	tu	you (informal)
1	il	he / it
1	elle	she / it
1	nous	we	/nu/
1	vous	you (formal/plural)	/vu/
1	ils	they (m)
1	elles	they (f)
1	on	one / we (informal)
1	ce	this / it
1	se	oneself
1	me	me / to me
1	te	you / to you
1	lui	him / to him/her
1	leur	their / to them
1	en	of it / some
1	y	there / to it
1	son / sa	his / her
1	mon / ma	my
1	ton / ta	your
1	pour	for	/puʁ/
1	dans	in	/dɑ̃/
1	sur	on	/syʁ/
1	avec	with	/avɛk/
1	par	by / through
1	sans	without	/sɑ̃/
1	mais	but	/mɛ/
1	si	if
1	ne	not (negation)
2	être	to be	/ɛtʁ/
2	avoir	to have	/avwaʁ/
2	faire	to do / make	/fɛʁ/
2	aller	to go	/ale/
2	dire	to say
2	voir	to see
2	savoir	to know (a fact)
2	pouvoir	to be able to
2	vouloir	to want
2	venir	to come
2	devoir	to have to / owe
2	prendre	to take	/pʁɑ̃dʁ/
2	trouver	to find
2	donner	to give
2	parler	to speak
2	aimer	to like / love
2	passer	to pass / spend (time)
2	mettre	to put
2	penser	to think
2	croire	to believe
2	plus	more
2	très	very	/tʁɛ/
2	bien	well	/bjɛ̃/
2	tout	all / everything
2	aussi	also / too
2	comme	like / as
2	moins	less
2	toujours	always	/tuʒuʁ/
2	jamais	never
2	encore	again / still
2	déjà	already
2	ici	here
2	là	there
2	où	where	/u/
2	quand	when	/kɑ̃/
2	comment	how
2	pourquoi	why	/puʁkwa/
2	parce que	because
2	donc	so / therefore
2	alors	then / so
3	manger	to eat	/mɑ̃ʒe/
3	boire	to drink	/bwaʁ/
3	dormir	to sleep
3	travailler	to work	/tʁavaje/
3	jouer	to play
3	lire	to read
3	écrire	to write
3	écouter	to listen
3	entendre	to hear
3	regarder	to watch / look at
3	acheter	to buy
3	vendre	to sell
3	payer	to pay
3	ouvrir	to open
3	fermer	to close
3	commencer	to begin
3	finir	to finish
3	arrêter	to stop
3	continuer	to continue
3	essayer	to try
3	aider	to help
3	montrer	to show
3	demander	to ask
3	répondre	to answer
3	appeler	to call
3	rencontrer	to meet
3	attendre	to wait
3	chercher	to look for
3	perdre	to lose
3	gagner	to win / earn
3	apprendre	to learn
3	comprendre	to understand	/kɔ̃pʁɑ̃dʁ/
3	connaître	to know (be familiar with)	/kɔnɛtʁ/
3	oublier	to forget
3	se souvenir	to remember
3	choisir	to choose
3	changer	to change
3	garder	to keep
3	laisser	to leave / let
3	porter	to carry / wear
4	homme	man
4	femme	woman / wife	/fam/
4	enfant	child
4	garçon	boy
4	fille	girl / daughter
4	bébé	baby
4	personne	person
4	gens	people	/ʒɑ̃/
4	ami	friend
4	famille	family
4	père	father
4	mère	mother
4	parents	parents
4	frère	brother
4	sœur	sister	/sœʁ/
4	fils	son	/fis/
4	grand-père	grandfather
4	grand-mère	grandmother
4	oncle	uncle
4	tante	aunt
4	cousin	cousin
4	mari	husband
4	voisin	neighbour
4	collègue	colleague
4	corps	body
4	tête	head
4	visage	face
4	œil / yeux	eye / eyes	/œj, jø/
4	nez	nose
4	bouche	mouth
4	oreille	ear
4	dent	tooth
4	cheveux	hair
4	cou	neck
4	bras	arm
4	main	hand
4	doigt	finger
4	jambe	leg
4	pied	foot
4	cœur	heart	/kœʁ/
4	ventre	belly / stomach
4	dos	back
4	peau	skin
4	sang	blood
4	nourriture	food
4	repas	meal
4	petit-déjeuner	breakfast
4	déjeuner	lunch
4	dîner	dinner
4	pain	bread	/pɛ̃/
4	fromage	cheese
4	beurre	butter
4	œuf	egg	/œf/
4	viande	meat
4	poulet	chicken
4	poisson	fish	/pwasɔ̃/
4	jambon	ham
4	légume	vegetable
4	fruit	fruit
4	pomme	apple
4	banane	banana
4	orange	orange
4	fraise	strawberry
4	tomate	tomato
4	pomme de terre	potato
4	carotte	carrot
4	salade	salad / lettuce
4	riz	rice
4	pâtes	pasta
4	soupe	soup
4	gâteau	cake
4	chocolat	chocolate
4	sucre	sugar
4	sel	salt
4	poivre	pepper
4	huile	oil
4	eau	water	/o/
4	lait	milk
4	café	coffee
4	thé	tea
4	vin	wine	/vɛ̃/
4	bière	beer
4	jus	juice
4	boisson	drink
5	maison	house	/mɛzɔ̃/
5	appartement	flat / apartment
5	chambre	bedroom
5	cuisine	kitchen
5	salle de bain	bathroom
5	salon	living room
5	porte	door
5	fenêtre	window
5	mur	wall
5	sol	floor / ground
5	toit	roof
5	escalier	stairs
5	table	table
5	chaise	chair
5	lit	bed
5	canapé	sofa
5	armoire	wardrobe
5	lampe	lamp
5	miroir	mirror
5	tapis	rug / carpet
5	clé	key	/kle/
5	sac	bag
5	boîte	box
5	bouteille	bottle
5	verre	glass
5	assiette	plate
5	couteau	knife
5	fourchette	fork
5	cuillère	spoon
5	tasse	cup
5	serviette	towel / napkin
5	savon	soap
5	livre	book
5	papier	paper
5	stylo	pen
5	téléphone	phone
5	ordinateur	computer
5	télévision	television
5	horloge	clock
5	argent	money	/aʁʒɑ̃/
5	vêtements	clothes
5	chemise	shirt
5	pantalon	trousers
5	robe	dress
5	jupe	skirt
5	manteau	coat
5	veste	jacket
5	pull	jumper / sweater
5	chaussure	shoe
5	chaussette	sock
5	chapeau	hat
5	gant	glove
5	écharpe	scarf
5	ceinture	belt
5	lunettes	glasses
5	montre	watch
5	couleur	colour
5	rouge	red
5	bleu	blue
5	vert	green
5	jaune	yellow
5	noir	black
5	blanc	white
5	gris	grey
5	marron	brown
5	rose	pink
5	violet	purple
5	orange	orange
5	temps	time / weather	/tɑ̃/
5	heure	hour / time
5	minute	minute
5	seconde	second
5	jour	day
5	journée	day (duration)
5	semaine	week
5	mois	month
5	année	year
5	matin	morning
5	midi	noon
5	après-midi	afternoon
5	soir	evening
5	nuit	night
5	aujourd’hui	today
5	hier	yesterday
5	demain	tomorrow
5	maintenant	now
5	tôt	early
5	tard	late
5	lundi	Monday
5	mardi	Tuesday
5	mercredi	Wednesday
5	jeudi	Thursday
5	vendredi	Friday
5	samedi	Saturday
5	dimanche	Sunday
5	janvier	January
5	février	February
5	mars	March
5	avril	April
5	mai	May
5	juin	June
5	juillet	July
5	août	August	/u(t)/
5	septembre	September
5	octobre	October
5	novembre	November
5	décembre	December
5	printemps	spring
5	été	summer
5	automne	autumn
5	hiver	winter
6	ville	city / town	/vil/
6	rue	street
6	route	road
6	place	square / place
6	quartier	neighbourhood
6	centre-ville	town centre
6	magasin	shop
6	marché	market
6	boulangerie	bakery
6	restaurant	restaurant
6	café	café
6	hôtel	hotel
6	banque	bank
6	pharmacie	pharmacy
6	hôpital	hospital
6	école	school
6	université	university
6	bureau	office
6	église	church
6	musée	museum
6	parc	park
6	jardin	garden
6	gare	train station	/ɡaʁ/
6	aéroport	airport
6	voiture	car	/vwatyʁ/
6	train	train
6	bus	bus
6	métro	underground / subway
6	vélo	bike
6	moto	motorbike
6	avion	plane
6	bateau	boat
6	taxi	taxi
6	billet	ticket
6	voyage	trip / journey
6	valise	suitcase
6	pont	bridge
6	plage	beach
6	montagne	mountain
6	campagne	countryside
6	nature	nature
6	ciel	sky
6	soleil	sun	/sɔlɛj/
6	lune	moon
6	étoile	star
6	nuage	cloud
6	pluie	rain
6	neige	snow
6	vent	wind
6	orage	storm
6	feu	fire
6	terre	earth / ground
6	air	air
6	mer	sea
6	lac	lake
6	rivière	river
6	forêt	forest
6	arbre	tree
6	fleur	flower
6	herbe	grass
6	feuille	leaf
6	pierre	stone
6	sable	sand
6	île	island
6	animal	animal
6	chien	dog	/ʃjɛ̃/
6	chat	cat
6	cheval	horse
6	oiseau	bird	/wazo/
6	vache	cow
6	mouton	sheep
6	cochon	pig
6	souris	mouse
6	lapin	rabbit
6	ours	bear
6	lion	lion
6	insecte	insect
6	abeille	bee
6	papillon	butterfly
6	araignée	spider
7	travail	work
7	métier	job / trade
7	patron	boss
7	employé	employee
7	entreprise	company
7	réunion	meeting
7	projet	project
7	salaire	salary
7	client	customer
7	médecin	doctor
7	professeur	teacher
7	étudiant	student
7	avocat	lawyer
7	ingénieur	engineer
7	vendeur	salesperson
7	serveur	waiter / server
7	cours	class / course
7	leçon	lesson
7	devoir	homework
7	examen	exam
7	note	grade / note
7	mot	word
7	phrase	sentence
7	question	question
7	réponse	answer
7	prix	price / prize
7	euro	euro
7	carte	card / map
7	compte	account
7	facture	bill / invoice
7	impôt	tax
7	courriel	email
7	internet	internet
7	site	website
7	écran	screen
7	clavier	keyboard
7	fichier	file
7	message	message
7	application	app
7	réseau	network
8	grand	big / tall
8	petit	small
8	bon	good
8	mauvais	bad
8	beau	beautiful / handsome
8	joli	pretty
8	laid	ugly
8	jeune	young
8	vieux	old	/vjø/
8	nouveau	new
8	vieux / ancien	old / former
8	long	long
8	court	short
8	haut	high / tall
8	bas	low
8	gros	big / fat
8	mince	thin / slim
8	lourd	heavy
8	léger	light (weight)
8	fort	strong
8	faible	weak
8	facile	easy
8	difficile	difficult
8	important	important
8	cher	expensive / dear
8	gratuit	free (no cost)
8	plein	full
8	vide	empty
8	propre	clean / own
8	sale	dirty
8	chaud	hot / warm	/ʃo/
8	froid	cold
8	rapide	fast
8	lent	slow
8	vrai	true
8	faux	false
8	ouvert	open
8	fermé	closed
8	prêt	ready
8	possible	possible
8	content	happy
8	triste	sad
8	fatigué	tired
8	malade	ill / sick
8	heureux	happy	/øʁø/
8	sûr	sure / safe
8	dangereux	dangerous
8	calme	calm
9	zéro	zero
9	un	one
9	deux	two	/dø/
9	trois	three
9	quatre	four
9	cinq	five	/sɛ̃k/
9	six	six	/sis/
9	sept	seven
9	huit	eight
9	neuf	nine	/nœf/
9	dix	ten
9	onze	eleven
9	douze	twelve
9	treize	thirteen
9	vingt	twenty
9	trente	thirty
9	quarante	forty
9	cinquante	fifty
9	cent	hundred
9	mille	thousand
9	premier	first
9	deuxième	second
9	dernier	last
9	demi	half
9	beaucoup	a lot
9	peu	few / little
9	assez	enough / quite
9	trop	too much
9	plusieurs	several
9	quelques	a few
9	chaque	each
9	tous	all
9	quel	which / what
9	combien	how much / many
9	quelque chose	something
9	quelqu’un	someone
9	rien	nothing
9	personne	nobody
9	nombre	number
9	moitié	half
10	idée	idea
10	problème	problem
10	solution	solution
10	raison	reason
10	exemple	example
10	façon	way / manner
10	moyen	means / way
10	chose	thing
10	fait	fact
10	histoire	story / history
10	vie	life	/vi/
10	monde	world
10	pays	country	/pei/
10	langue	language / tongue
10	nom	name
10	âge	age
10	amour	love
10	peur	fear
10	joie	joy
10	colère	anger
10	espoir	hope
10	rêve	dream
10	chance	luck / chance
10	santé	health
10	force	strength
10	esprit	mind / spirit
10	sens	meaning / sense
10	besoin	need
10	envie	desire / urge
10	plaisir	pleasure
10	bonheur	happiness
10	malheur	misfortune
10	droit	right / law
10	liberté	freedom
10	paix	peace
10	guerre	war
10	pouvoir	power
10	effort	effort
10	succès	success
10	échec	failure
10	bonjour	hello
10	bonsoir	good evening
10	salut	hi / bye
10	au revoir	goodbye
10	merci	thank you
10	s’il vous plaît	please
10	pardon	sorry / excuse me
10	oui	yes	/wi/
10	non	no
10	peut-être	maybe
10	d’accord	okay / agreed
10	bien sûr	of course
4	marcher	to walk
4	courir	to run
4	sauter	to jump
4	tomber	to fall
4	monter	to go up
4	descendre	to go down
4	entrer	to enter
4	sortir	to go out
4	rester	to stay
4	revenir	to come back
4	retourner	to return
4	arriver	to arrive
4	partir	to leave
4	tourner	to turn
4	traverser	to cross
4	suivre	to follow
4	emmener	to take (someone)
4	apporter	to bring
4	tenir	to hold
4	lancer	to throw
4	jeter	to throw away
4	ramasser	to pick up
4	pousser	to push
4	tirer	to pull
4	couper	to cut
4	casser	to break
4	réparer	to repair
4	construire	to build
4	nettoyer	to clean
4	laver	to wash
4	ranger	to tidy
4	remplir	to fill
4	vider	to empty
4	allumer	to turn on
4	éteindre	to turn off
4	pousser	to grow / push
4	cacher	to hide
4	trouver	to find
4	ramener	to bring back
4	déplacer	to move
5	expliquer	to explain
5	raconter	to tell (a story)
5	décrire	to describe
5	discuter	to discuss
5	bavarder	to chat
5	crier	to shout
5	chuchoter	to whisper
5	répéter	to repeat
5	annoncer	to announce
5	proposer	to suggest
5	promettre	to promise
5	refuser	to refuse
5	accepter	to accept
5	remercier	to thank
5	féliciter	to congratulate
5	s’excuser	to apologise
5	mentir	to lie
5	avouer	to confess
5	deviner	to guess
5	imaginer	to imagine
5	rêver	to dream
5	réfléchir	to think / reflect
5	décider	to decide
5	espérer	to hope
5	douter	to doubt
5	remarquer	to notice
5	reconnaître	to recognise
5	se rappeler	to remember
5	préférer	to prefer
5	détester	to hate
5	adorer	to adore
5	souhaiter	to wish
5	craindre	to fear
5	oser	to dare
5	hésiter	to hesitate
5	convaincre	to convince
5	prévenir	to warn
5	conseiller	to advise
5	interdire	to forbid
5	permettre	to allow
6	se réveiller	to wake up
6	se lever	to get up
6	se coucher	to go to bed
6	s’habiller	to get dressed
6	se laver	to wash oneself
6	se raser	to shave
6	se brosser	to brush
6	se dépêcher	to hurry
6	se reposer	to rest
6	s’asseoir	to sit down
6	se promener	to go for a walk
6	s’amuser	to have fun
6	s’ennuyer	to be bored
6	s’inquiéter	to worry
6	se fâcher	to get angry
6	pleurer	to cry
6	rire	to laugh
6	sourire	to smile
6	embrasser	to kiss
6	serrer	to hug / squeeze
6	tomber amoureux	to fall in love
6	se marier	to get married
6	divorcer	to divorce
6	naître	to be born
6	mourir	to die
6	grandir	to grow up
6	vieillir	to grow old
6	guérir	to heal / recover
6	souffrir	to suffer
6	saigner	to bleed
6	tousser	to cough
6	éternuer	to sneeze
6	respirer	to breathe
6	sentir	to feel / smell
6	toucher	to touch
6	goûter	to taste
6	fumer	to smoke
6	cuisiner	to cook
6	servir	to serve
6	nourrir	to feed
7	diriger	to lead / manage
7	organiser	to organise
7	gérer	to manage
7	employer	to employ
7	embaucher	to hire
7	licencier	to lay off
7	produire	to produce
7	fabriquer	to manufacture
7	créer	to create
7	inventer	to invent
7	développer	to develop
7	améliorer	to improve
7	augmenter	to increase
7	diminuer	to decrease
7	réduire	to reduce
7	ajouter	to add
7	enlever	to remove
7	remplacer	to replace
7	comparer	to compare
7	mesurer	to measure
7	compter	to count
7	calculer	to calculate
7	dépenser	to spend
7	économiser	to save (money)
7	emprunter	to borrow
7	prêter	to lend
7	coûter	to cost
7	valoir	to be worth
7	livrer	to deliver
7	envoyer	to send
7	recevoir	to receive
7	commander	to order
7	réserver	to book
7	annuler	to cancel
7	confirmer	to confirm
7	signer	to sign
7	remplir	to fill in
7	imprimer	to print
7	télécharger	to download
7	enregistrer	to save / record
6	boulanger	baker
6	boucher	butcher
6	cuisinier	cook
6	chef	chef / boss
6	serveur	waiter
6	agriculteur	farmer
6	pêcheur	fisherman
6	jardinier	gardener
6	maçon	bricklayer
6	plombier	plumber
6	électricien	electrician
6	menuisier	carpenter
6	mécanicien	mechanic
6	peintre	painter
6	coiffeur	hairdresser
6	caissier	cashier
6	comptable	accountant
6	secrétaire	secretary
6	directeur	director
6	gérant	manager
6	infirmier	nurse
6	dentiste	dentist
6	pharmacien	pharmacist
6	vétérinaire	vet
6	policier	police officer
6	pompier	firefighter
6	soldat	soldier
6	juge	judge
6	journaliste	journalist
6	écrivain	writer
6	acteur	actor
6	chanteur	singer
6	musicien	musician
6	artiste	artist
6	photographe	photographer
6	architecte	architect
6	informaticien	IT specialist
6	chercheur	researcher
6	scientifique	scientist
6	facteur	postman
6	chauffeur	driver
6	pilote	pilot
6	agent	agent / officer
6	ouvrier	worker
6	santé	health
6	maladie	illness
6	douleur	pain
6	fièvre	fever
6	rhume	cold
6	grippe	flu
6	toux	cough
6	blessure	injury
6	plaie	wound
6	brûlure	burn
6	fracture	fracture
6	allergie	allergy
6	médicament	medicine
6	comprimé	tablet
6	pilule	pill
6	sirop	syrup
6	ordonnance	prescription
6	piqûre	injection / sting
6	vaccin	vaccine
6	pansement	bandage
6	opération	operation
6	régime	diet
6	repos	rest
6	forme	shape / fitness
6	tension	blood pressure
6	pouls	pulse
6	poumon	lung
6	estomac	stomach
6	foie	liver
6	rein	kidney
6	muscle	muscle
6	os	bone
6	nerf	nerve
6	cerveau	brain
6	genou	knee
6	épaule	shoulder
6	coude	elbow
6	poignet	wrist
6	cheville	ankle
6	gorge	throat
6	farine	flour
6	pâte	dough / paste
6	crème	cream
6	yaourt	yoghurt
6	miel	honey
6	confiture	jam
6	céréales	cereal
6	biscuit	biscuit
6	bonbon	sweet / candy
6	glace	ice cream / ice
6	tarte	pie / tart
6	crêpe	pancake
6	sandwich	sandwich
6	frites	chips / fries
6	saucisse	sausage
6	steak	steak
6	agneau	lamb
6	porc	pork
6	bœuf	beef
6	dinde	turkey
6	crevette	shrimp
6	huître	oyster
6	saumon	salmon
6	thon	tuna
6	citron	lemon
6	cerise	cherry
6	pêche	peach
6	poire	pear
6	raisin	grape
6	ananas	pineapple
6	melon	melon
6	pastèque	watermelon
6	champignon	mushroom
6	oignon	onion
6	ail	garlic
6	haricot	bean
6	petit pois	pea
6	concombre	cucumber
6	épinard	spinach
6	courgette	courgette
6	épice	spice
6	herbe	herb
6	vinaigre	vinegar
6	moutarde	mustard
6	recette	recipe
6	four	oven
6	casserole	saucepan
6	poêle	frying pan
6	meuble	furniture
6	étagère	shelf
6	tiroir	drawer
6	placard	cupboard
6	évier	sink
6	robinet	tap
6	douche	shower
6	baignoire	bathtub
6	toilettes	toilet
6	réfrigérateur	fridge
6	congélateur	freezer
6	micro-ondes	microwave
6	lave-vaisselle	dishwasher
6	machine à laver	washing machine
6	aspirateur	vacuum cleaner
6	balai	broom
6	éponge	sponge
6	poubelle	bin
6	couverture	blanket
6	oreiller	pillow
6	drap	sheet
6	rideau	curtain
6	coussin	cushion
6	bougie	candle
6	prise	socket / plug
6	interrupteur	switch
6	ampoule	light bulb
6	chauffage	heating
6	climatisation	air conditioning
6	outil	tool
6	marteau	hammer
6	clou	nail
6	vis	screw
6	tournevis	screwdriver
6	scie	saw
6	perceuse	drill
6	échelle	ladder
6	corde	rope
6	fil	thread / wire
6	colle	glue
6	tenue	outfit
6	costume	suit
6	cravate	tie
6	nœud papillon	bow tie
6	jean	jeans
6	short	shorts
6	maillot	jersey / swimsuit
6	sous-vêtements	underwear
6	pyjama	pyjamas
6	bottes	boots
6	sandales	sandals
6	baskets	trainers
6	casquette	cap
6	bonnet	beanie
6	bijou	jewel
6	bague	ring
6	collier	necklace
6	bracelet	bracelet
6	boucle d’oreille	earring
6	sac à main	handbag
6	parapluie	umbrella
6	portefeuille	wallet
6	tissu	fabric
6	coton	cotton
6	laine	wool
6	soie	silk
6	cuir	leather
6	plastique	plastic
6	métal	metal
6	fer	iron
6	acier	steel
6	or	gold
6	argent	silver
6	bois	wood
6	verre	glass
6	pierre	stone
6	brique	brick
6	béton	concrete
6	caoutchouc	rubber
6	carton	cardboard
7	clair	light (colour)
7	foncé	dark
7	vif	bright
7	pâle	pale
7	beige	beige
7	turquoise	turquoise
7	doré	golden
7	argenté	silvery
7	forme	shape
7	rond	round
7	carré	square
7	rectangle	rectangle
7	triangle	triangle
7	cercle	circle
7	ligne	line
7	courbe	curve
7	point	point / dot
7	angle	angle
7	côté	side
7	bord	edge
7	coin	corner
7	centre	centre
7	taille	size / waist
7	largeur	width
7	longueur	length
7	hauteur	height
7	profondeur	depth
7	épaisseur	thickness
6	sport	sport
6	football	football
6	rugby	rugby
6	tennis	tennis
6	basket	basketball
6	natation	swimming
6	course	running / race
6	cyclisme	cycling
6	ski	skiing
6	patinage	skating
6	randonnée	hiking
6	escalade	climbing
6	danse	dance
6	gymnastique	gymnastics
6	boxe	boxing
6	équipe	team
6	joueur	player
6	entraîneur	coach
6	arbitre	referee
6	match	match
6	but	goal
6	ballon	ball
6	balle	ball (small)
6	raquette	racket
6	filet	net
6	terrain	pitch / court
6	stade	stadium
6	gymnase	gym
6	piscine	swimming pool
6	victoire	victory
6	défaite	defeat
6	médaille	medal
6	jeu	game
6	carte	card
6	dé	dice
6	échecs	chess
6	puzzle	puzzle
6	jouet	toy
6	loisir	leisure
6	hobby	hobby
6	art	art
6	musique	music
6	chanson	song
6	instrument	instrument
6	piano	piano
6	guitare	guitar
6	violon	violin
6	batterie	drums
6	flûte	flute
6	trompette	trumpet
6	orchestre	orchestra
6	concert	concert
6	peinture	painting
6	dessin	drawing
6	tableau	painting / board
6	sculpture	sculpture
6	photo	photo
6	cinéma	cinema
6	film	film
6	théâtre	theatre
6	pièce	play / room / coin
6	scène	stage / scene
6	danse	dance
6	ballet	ballet
6	roman	novel
6	poème	poem
6	conte	tale
6	auteur	author
6	personnage	character
6	acteur	actor
6	spectacle	show
6	public	audience
6	billet	ticket
6	exposition	exhibition
6	galerie	gallery
6	culture	culture
6	tradition	tradition
6	fête	party / festival
6	festival	festival
6	carnaval	carnival
6	technologie	technology
6	machine	machine
6	moteur	engine / motor
6	électricité	electricity
6	batterie	battery
6	pile	battery (cell)
6	câble	cable
6	prise	plug
6	logiciel	software
6	matériel	hardware
6	données	data
6	mémoire	memory
6	disque	disk
6	dossier	folder
6	document	document
6	page	page
6	lien	link
6	mot de passe	password
6	compte	account
6	utilisateur	user
6	navigateur	browser
6	moteur de recherche	search engine
6	appareil	device
6	tablette	tablet
6	portable	laptop / mobile
6	smartphone	smartphone
6	caméra	camera
6	imprimante	printer
6	souris	mouse
6	casque	headphones / helmet
6	haut-parleur	speaker
6	micro	microphone
6	robot	robot
6	intelligence artificielle	artificial intelligence
6	programme	program
6	code	code
6	bug	bug
6	panne	breakdown
6	mise à jour	update
6	sauvegarde	backup
7	affaires	business
7	commerce	trade
7	économie	economy
7	marché	market
7	produit	product
7	service	service
7	vente	sale
7	achat	purchase
7	bénéfice	profit
7	perte	loss
7	coût	cost
7	dépense	expense
7	revenu	income
7	budget	budget
7	dette	debt
7	crédit	credit
7	prêt	loan
7	intérêt	interest
7	banque	bank
7	monnaie	currency
7	billet	note (money)
7	pièce	coin
7	carte bancaire	bank card
7	chèque	cheque
7	facture	invoice
7	reçu	receipt
7	taxe	tax
7	assurance	insurance
7	contrat	contract
7	accord	agreement
7	négociation	negotiation
7	investissement	investment
7	action	share / action
7	bourse	stock exchange
7	richesse	wealth
7	pauvreté	poverty
7	salaire	wage
7	emploi	job / employment
7	chômage	unemployment
7	retraite	retirement
7	société	society
7	peuple	people / nation
7	citoyen	citizen
7	population	population
7	gouvernement	government
7	état	state
7	nation	nation
7	république	republic
7	président	president
7	ministre	minister
7	maire	mayor
7	député	MP
7	élection	election
7	vote	vote
7	parti	party
7	politique	politics / policy
7	loi	law
7	règle	rule
7	justice	justice
7	tribunal	court
7	crime	crime
7	prison	prison
7	police	police
7	pompier	firefighter
7	armée	army
7	paix	peace
7	manifestation	protest
7	grève	strike
7	droits	rights
7	devoir	duty
7	impôt	tax
7	frontière	border
7	drapeau	flag
7	pouvoir	power
7	liberté	freedom
7	égalité	equality
7	religion	religion
7	église	church
7	dieu	god
7	croyance	belief
7	science	science
7	recherche	research
7	expérience	experiment / experience
7	découverte	discovery
7	théorie	theory
7	preuve	proof
7	résultat	result
7	cause	cause
7	effet	effect
7	énergie	energy
7	force	force
7	chaleur	heat
7	lumière	light
7	son	sound
7	vitesse	speed
7	poids	weight
7	masse	mass
7	matière	matter / subject
7	gaz	gas
7	liquide	liquid
7	solide	solid
7	métal	metal
7	atome	atom
7	molécule	molecule
7	cellule	cell
7	espèce	species
7	planète	planet
7	univers	universe
7	espace	space
7	gravité	gravity
7	environnement	environment
7	nature	nature
7	climat	climate
7	pollution	pollution
7	déchet	waste
7	recyclage	recycling
7	forêt	forest
7	océan	ocean
7	désert	desert
7	volcan	volcano
8	plante	plant
8	graine	seed
8	racine	root
8	tige	stem
8	branche	branch
8	feuille	leaf
8	fleur	flower
8	fruit	fruit
8	rose	rose
8	tulipe	tulip
8	marguerite	daisy
8	tournesol	sunflower
8	chêne	oak
8	sapin	fir tree
8	palmier	palm tree
8	buisson	bush
8	gazon	lawn
8	mauvaise herbe	weed
8	potager	vegetable garden
8	verger	orchard
8	récolte	harvest
8	champ	field
8	ferme	farm
8	tracteur	tractor
7	loup	wolf
7	renard	fox
7	cerf	deer
7	sanglier	wild boar
7	écureuil	squirrel
7	hérisson	hedgehog
7	taupe	mole
7	chauve-souris	bat
7	éléphant	elephant
7	girafe	giraffe
7	singe	monkey
7	tigre	tiger
7	zèbre	zebra
7	hippopotame	hippo
7	rhinocéros	rhino
7	crocodile	crocodile
7	serpent	snake
7	grenouille	frog
7	tortue	tortoise / turtle
7	lézard	lizard
7	requin	shark
7	baleine	whale
7	dauphin	dolphin
7	pieuvre	octopus
7	crabe	crab
7	méduse	jellyfish
7	canard	duck
7	poule	hen
7	coq	rooster
7	dinde	turkey
7	aigle	eagle
7	hibou	owl
7	pigeon	pigeon
7	corbeau	crow
7	fourmi	ant
7	mouche	fly
7	moustique	mosquito
7	guêpe	wasp
7	coccinelle	ladybird
7	escargot	snail
6	météo	weather forecast
6	température	temperature
6	degré	degree
6	brouillard	fog
6	tempête	storm
6	tonnerre	thunder
6	éclair	lightning
6	arc-en-ciel	rainbow
6	gel	frost
6	glace	ice
6	ombre	shade / shadow
6	humidité	humidity
6	sécheresse	drought
6	inondation	flood
6	saison	season
6	moment	moment
6	instant	instant
6	époque	era
6	siècle	century
6	décennie	decade
6	weekend	weekend
6	vacances	holidays
6	anniversaire	birthday
6	calendrier	calendar
6	agenda	diary / schedule
6	rendez-vous	appointment
6	horaire	timetable
6	retard	delay
6	avenir	future
6	passé	past
6	présent	present
6	début	beginning
6	fin	end
6	milieu	middle
6	durée	duration
6	fois	time (occurrence)
7	région	region
7	province	province
7	département	department
7	capitale	capital
7	village	village
7	banlieue	suburb
7	quartier	district
7	adresse	address
7	carte	map
7	plan	map / plan
7	direction	direction
7	distance	distance
7	nord	north
7	sud	south
7	est	east
7	ouest	west
7	colline	hill
7	vallée	valley
7	fleuve	river (large)
7	côte	coast
7	frontière	border
7	continent	continent
7	France	France
7	Angleterre	England
7	Allemagne	Germany
7	Espagne	Spain
7	Italie	Italy
7	Belgique	Belgium
7	Suisse	Switzerland
7	Canada	Canada
7	États-Unis	United States
7	Chine	China
7	Japon	Japan
7	Russie	Russia
7	Afrique	Africa
7	Europe	Europe
7	français	French
7	anglais	English
7	espagnol	Spanish
7	étranger	foreign / abroad
6	voyage	journey
6	tourisme	tourism
6	touriste	tourist
6	vacances	holiday
6	séjour	stay
6	excursion	excursion
6	visite	visit
6	guide	guide
6	passeport	passport
6	visa	visa
6	bagage	luggage
6	sac à dos	backpack
6	réservation	reservation
6	chambre	room
6	auberge	hostel / inn
6	camping	campsite
6	tente	tent
6	plage	beach
6	souvenir	souvenir / memory
6	carte postale	postcard
6	appareil photo	camera
6	itinéraire	itinerary
6	destination	destination
6	départ	departure
6	arrivée	arrival
6	vol	flight / theft
6	escale	stopover
6	douane	customs
6	frontière	border
6	change	exchange
6	office de tourisme	tourist office
6	monument	monument
6	château	castle
6	cathédrale	cathedral
6	sentier	path / trail
6	carte routière	road map
6	dernier	last
6	prochain	next
6	seul	alone / only
6	même	same
6	autre	other
6	certain	certain
6	différent	different
6	pareil	similar / same
6	propre	own / clean
6	général	general
6	particulier	particular
6	principal	main
6	simple	simple
6	compliqué	complicated
6	clair	clear
6	évident	obvious
6	étrange	strange
6	bizarre	weird
6	normal	normal
6	habituel	usual
6	rare	rare
6	fréquent	frequent
6	récent	recent
6	moderne	modern
6	ancien	old / former
6	naturel	natural
6	artificiel	artificial
6	réel	real
6	parfait	perfect
6	excellent	excellent
6	médiocre	mediocre
6	horrible	horrible
6	agréable	pleasant
6	désagréable	unpleasant
6	confortable	comfortable
6	pratique	practical
6	utile	useful
6	inutile	useless
6	nécessaire	necessary
6	essentiel	essential
6	gentil	kind
6	méchant	mean / nasty
6	aimable	friendly
6	poli	polite
6	timide	shy
6	sérieux	serious
6	drôle	funny
6	amusant	fun
6	ennuyeux	boring
6	intéressant	interesting
6	célèbre	famous
6	inconnu	unknown
6	riche	rich
6	pauvre	poor
6	libre	free
6	occupé	busy
6	seul	lonely
6	nombreux	numerous
6	plein	full
6	entier	whole
6	double	double
6	profond	deep
6	large	wide
6	étroit	narrow
6	épais	thick
6	pointu	sharp / pointed
6	plat	flat
6	droit	straight
6	courbé	bent
6	mou	soft
6	dur	hard
6	lisse	smooth
6	rugueux	rough
6	mouillé	wet
6	sec	dry
6	frais	fresh / cool
6	tiède	lukewarm
6	brûlant	burning hot
6	glacé	frozen
6	sombre	dark
6	lumineux	bright
6	bruyant	noisy
6	silencieux	silent
6	doux	gentle / sweet
6	amer	bitter
6	salé	salty
6	sucré	sweet
6	épicé	spicy
6	délicieux	delicious
6	dégoûtant	disgusting
6	propre	clean
6	sale	dirty
7	émotion	emotion
7	sentiment	feeling
7	humeur	mood
7	joie	joy
7	tristesse	sadness
7	colère	anger
7	peur	fear
7	surprise	surprise
7	honte	shame
7	fierté	pride
7	jalousie	jealousy
7	culpabilité	guilt
7	inquiétude	worry
7	stress	stress
7	angoisse	anxiety
7	ennui	boredom
7	espoir	hope
7	déception	disappointment
7	courage	courage
7	confiance	trust / confidence
7	méfiance	distrust
7	patience	patience
7	curiosité	curiosity
7	enthousiasme	enthusiasm
7	caractère	character
7	personnalité	personality
7	comportement	behaviour
7	attitude	attitude
7	sympathique	nice
7	antipathique	unpleasant
7	généreux	generous
7	égoïste	selfish
7	honnête	honest
7	menteur	liar / lying
7	courageux	brave
7	lâche	cowardly
7	patient	patient
7	impatient	impatient
7	calme	calm
7	nerveux	nervous
7	optimiste	optimistic
7	pessimiste	pessimistic
7	intelligent	intelligent
7	bête	stupid
7	sage	wise / well-behaved
7	fou	crazy
7	sensible	sensitive
7	fier	proud
7	vérité	truth
7	mensonge	lie
7	réalité	reality
7	rêve	dream
7	pensée	thought
7	opinion	opinion
7	avis	opinion / notice
7	connaissance	knowledge
7	savoir	knowledge
7	sagesse	wisdom
7	mémoire	memory
7	souvenir	memory
7	imagination	imagination
7	attention	attention
7	intérêt	interest
7	importance	importance
7	valeur	value
7	qualité	quality
7	défaut	flaw
7	avantage	advantage
7	inconvénient	drawback
7	différence	difference
7	ressemblance	resemblance
7	rapport	relationship / report
7	relation	relationship
7	lien	link
7	ordre	order
7	désordre	mess
7	choix	choice
7	décision	decision
7	but	goal
7	objectif	objective
7	projet	plan
7	idée	idea
7	occasion	opportunity
7	risque	risk
7	danger	danger
7	sécurité	safety
7	aide	help
7	soutien	support
7	besoin	need
7	manque	lack
7	présence	presence
7	absence	absence
7	début	start
7	suite	continuation
7	résultat	result
7	conséquence	consequence
5	vraiment	really
5	presque	almost
5	environ	about / around
5	surtout	especially
5	seulement	only
5	simplement	simply
5	exactement	exactly
5	probablement	probably
5	certainement	certainly
5	heureusement	fortunately
5	malheureusement	unfortunately
5	évidemment	obviously
5	finalement	finally
5	enfin	at last
5	ensuite	then / next
5	puis	then
5	d’abord	first
5	soudain	suddenly
5	immédiatement	immediately
5	rapidement	quickly
5	lentement	slowly
5	facilement	easily
5	doucement	gently / softly
5	fort	loudly / strongly
5	ensemble	together
5	séparément	separately
5	partout	everywhere
5	ailleurs	elsewhere
5	dehors	outside
5	dedans	inside
5	dessus	on top
5	dessous	underneath
5	devant	in front
5	derrière	behind
5	autour	around
5	loin	far
5	près	near
5	pourtant	yet / however
5	cependant	however
5	néanmoins	nevertheless
5	donc	therefore
5	ainsi	thus
5	par contre	on the other hand
5	en plus	moreover
5	par exemple	for example
5	c’est-à-dire	that is to say
5	au lieu de	instead of
5	grâce à	thanks to
5	entre	between
5	parmi	among
5	pendant	during
5	depuis	since / for
5	jusqu’à	until
5	avant	before
5	après	after
5	contre	against
5	vers	towards
5	selon	according to
5	malgré	despite
5	sauf	except
5	chez	at (someone’s)
5	sous	under
5	au-dessus	above
5	au-dessous	below
5	à côté de	next to
5	en face de	opposite
5	au milieu de	in the middle of
5	le long de	along
5	à travers	through
5	hors de	out of
5	à cause de	because of
5	au bord de	at the edge of
5	gauche	left
5	droite	right
5	haut	top
5	bas	bottom
7	communication	communication
7	information	information
7	nouvelle	news item
7	actualité	current events
7	journal	newspaper
7	magazine	magazine
7	article	article
7	reportage	report
7	radio	radio
7	télévision	television
7	émission	programme
7	chaîne	channel
7	publicité	advertising
7	annonce	announcement / ad
7	affiche	poster
7	courrier	mail
7	lettre	letter
7	enveloppe	envelope
7	timbre	stamp
7	colis	parcel
7	appel	call
7	conversation	conversation
7	discours	speech
7	débat	debate
7	réponse	reply
7	demande	request
7	plainte	complaint
7	remarque	remark
7	signal	signal
7	réseau	network
7	antenne	antenna
7	écran	screen
6	école	school
6	collège	secondary school
6	lycée	high school
6	classe	class
6	élève	pupil
6	maître	teacher (primary)
6	directeur	headteacher
6	matière	subject
6	mathématiques	maths
6	histoire	history
6	géographie	geography
6	physique	physics
6	chimie	chemistry
6	biologie	biology
6	philosophie	philosophy
6	littérature	literature
6	grammaire	grammar
6	orthographe	spelling
6	calcul	arithmetic
6	exercice	exercise
6	leçon	lesson
6	cahier	notebook
6	manuel	textbook
6	crayon	pencil
6	gomme	eraser
6	règle	ruler
6	ciseaux	scissors
6	tableau	board
6	craie	chalk
6	bureau	desk
6	cartable	schoolbag
6	diplôme	diploma
6	bulletin	report card
6	erreur	mistake
6	correction	correction
6	progrès	progress
6	récréation	break
6	cantine	canteen
6	rentrée	back to school
6	vacances	holidays
6	morceau	piece
6	partie	part
6	moitié	half
6	tiers	third
6	paire	pair
6	dizaine	about ten
6	tas	pile
6	groupe	group
6	série	series
6	rangée	row
6	file	queue
6	liste	list
6	tableau	table / chart
6	exemple	example
6	type	type / guy
6	sorte	sort
6	genre	kind / genre
6	modèle	model
6	objet	object
6	truc	thing (informal)
6	machin	thingy
6	bruit	noise
6	odeur	smell
6	goût	taste
6	toucher	touch
6	vue	sight / view
6	ouïe	hearing
6	silence	silence
6	cri	shout
6	sourire	smile
6	regard	look / gaze
6	geste	gesture
6	pas	step
6	saut	jump
6	chute	fall
6	coup	blow / knock
6	effort	effort
6	mouvement	movement
6	repos	rest
6	sommeil	sleep
7	cuire	to cook (in oven)
7	bouillir	to boil
7	rôtir	to roast
7	griller	to grill
7	mélanger	to mix
7	verser	to pour
7	peser	to weigh
7	plier	to fold
7	déchirer	to tear
7	percer	to pierce
7	frapper	to hit / knock
7	gratter	to scratch
7	frotter	to rub
7	essuyer	to wipe
7	sécher	to dry
7	tremper	to soak
7	plonger	to dive
7	nager	to swim
7	flotter	to float
7	couler	to sink / flow
7	voler	to fly / steal
7	ramper	to crawl
7	glisser	to slide
7	trembler	to shake
7	secouer	to shake
7	tordre	to twist
7	presser	to press / squeeze
7	appuyer	to lean / press
7	gonfler	to inflate
7	souffler	to blow
7	avaler	to swallow
7	mâcher	to chew
7	mordre	to bite
7	lécher	to lick
7	bâiller	to yawn
7	creuser	to dig
7	coudre	to sew
7	tricoter	to knit
7	peindre	to paint
7	dessiner	to draw
8	saluer	to greet
8	accueillir	to welcome
8	présenter	to introduce
8	inviter	to invite
8	accompagner	to accompany
8	quitter	to leave (someone)
8	abandonner	to abandon
8	rejoindre	to join
8	séparer	to separate
8	réunir	to gather
8	partager	to share
8	échanger	to exchange
8	offrir	to offer
8	gaspiller	to waste
8	protéger	to protect
8	défendre	to defend
8	attaquer	to attack
8	menacer	to threaten
8	punir	to punish
8	récompenser	to reward
8	obéir	to obey
8	respecter	to respect
8	admirer	to admire
8	envier	to envy
8	consoler	to comfort
8	encourager	to encourage
8	soigner	to care for
8	sauver	to save
8	profiter	to take advantage
8	mériter	to deserve
8	dépendre	to depend
8	appartenir	to belong
8	ressembler	to resemble
8	participer	to take part
8	assister	to attend
8	réussir	to succeed
8	échouer	to fail
8	éviter	to avoid
8	empêcher	to prevent
8	obtenir	to obtain
7	crâne	skull
7	front	forehead
7	joue	cheek
7	menton	chin
7	lèvre	lip
7	langue	tongue
7	nuque	nape
7	poitrine	chest
7	hanche	hip
7	cuisse	thigh
7	mollet	calf
7	talon	heel
7	orteil	toe
7	ongle	nail
7	paume	palm
7	pouce	thumb
7	articulation	joint
7	colonne	spine
7	côte	rib
7	squelette	skeleton
7	veine	vein
7	organe	organ
7	sourcil	eyebrow
7	cil	eyelash
7	paupière	eyelid
7	barbe	beard
7	moustache	moustache
7	ride	wrinkle
7	larme	tear
7	sueur	sweat
7	souffle	breath
7	voix	voice
8	veau	calf
8	poulain	foal
8	poussin	chick
8	chaton	kitten
8	chiot	puppy
8	taureau	bull
8	chèvre	goat
8	âne	donkey
8	hamster	hamster
8	perroquet	parrot
8	cygne	swan
8	oie	goose
8	paon	peacock
8	truite	trout
8	homard	lobster
8	moule	mussel
8	calmar	squid
8	ver	worm
8	puce	flea
8	tique	tick
8	sauterelle	grasshopper
8	libellule	dragonfly
8	scorpion	scorpion
8	crapaud	toad
8	souriceau	baby mouse
8	patte	paw / leg
8	aile	wing
8	queue	tail
8	plume	feather
8	poil	fur / hair
8	griffe	claw
8	bec	beak
8	corne	horn
8	sabot	hoof
8	écaille	scale
8	nid	nest
8	potage	soup
8	ragoût	stew
8	purée	mash
8	omelette	omelette
8	pizza	pizza
8	croissant	croissant
8	pâtisserie	pastry
8	abricot	apricot
8	prune	plum
8	framboise	raspberry
8	myrtille	blueberry
8	noix	walnut / nut
8	noisette	hazelnut
8	amande	almond
8	cacahuète	peanut
8	olive	olive
8	avocat	avocado
8	poireau	leek
8	radis	radish
8	betterave	beetroot
8	chou	cabbage
8	chou-fleur	cauliflower
8	aubergine	aubergine
8	poivron	bell pepper
8	maïs	corn
8	blé	wheat
8	lentille	lentil
8	pois chiche	chickpea
8	sauce	sauce
8	assaisonnement	seasoning
8	portion	portion
8	ingrédient	ingredient
8	soixante	sixty
8	soixante-dix	seventy
8	quatre-vingts	eighty
8	quatre-vingt-dix	ninety
8	million	million
8	milliard	billion
8	troisième	third
8	quatrième	fourth
8	cinquième	fifth
8	dixième	tenth
8	douzaine	dozen
8	centaine	a hundred or so
8	millier	a thousand or so
8	quart	quarter
8	double	double
8	triple	triple
8	pourcentage	percentage
8	total	total
8	somme	sum
8	différence	difference
8	chiffre	figure / digit
8	numéro	number
8	pair	even
8	impair	odd
8	tendre	tender
8	ferme	firm
8	souple	flexible
8	raide	stiff
8	rigide	rigid
8	fragile	fragile
8	résistant	tough
8	usé	worn
8	abîmé	damaged
8	tranquille	quiet
8	paisible	peaceful
8	violent	violent
8	cruel	cruel
8	chaleureux	warm (person)
8	distant	distant
8	proche	close
8	vivant	alive
8	mort	dead
8	éveillé	awake
8	endormi	asleep
8	malin	clever / cunning
8	naïf	naive
8	prudent	careful
8	imprudent	reckless
8	raisonnable	reasonable
8	absurde	absurd
8	logique	logical
8	précis	precise
8	vague	vague
8	complet	complete
8	partiel	partial
8	supérieur	higher / superior
8	inférieur	lower / inferior
8	égal	equal
8	semblable	similar
8	opposé	opposite
8	direct	direct
8	positif	positive
8	négatif	negative
8	privé	private
8	officiel	official
8	légal	legal
8	valide	valid
8	correct	correct
8	injuste	unfair
8	loyal	loyal
8	fidèle	faithful
8	sincère	sincere
8	franc	frank
8	discret	discreet
8	modeste	modest
8	humble	humble
8	arrogant	arrogant
8	aigu	sharp / acute
8	grave	serious / grave
8	immense	huge
8	minuscule	tiny
8	énorme	enormous
8	moyen	average
8	principal	principal
7	bâtiment	building
7	immeuble	building (block)
7	tour	tower
7	gratte-ciel	skyscraper
7	usine	factory
7	entrepôt	warehouse
7	ferme	farm
7	moulin	mill
7	bibliothèque	library
7	librairie	bookshop
7	boutique	boutique
7	centre commercial	shopping centre
7	supermarché	supermarket
7	épicerie	grocery
7	kiosque	kiosk
7	stade	stadium
7	théâtre	theatre
7	opéra	opera house
7	zoo	zoo
7	aquarium	aquarium
7	prison	prison
7	caserne	barracks
7	mairie	town hall
7	ambassade	embassy
7	cimetière	cemetery
7	temple	temple
7	mosquée	mosque
7	chapelle	chapel
7	grenier	attic
7	cave	cellar
7	garage	garage
7	balcon	balcony
7	cour	courtyard
7	couloir	corridor
7	entrée	entrance
7	sortie	exit
7	ascenseur	lift
7	clôture	fence
7	portail	gate
7	trottoir	pavement
7	camion	lorry / truck
7	camionnette	van
7	tramway	tram
7	scooter	scooter
7	trottinette	kick scooter
7	ambulance	ambulance
7	hélicoptère	helicopter
7	fusée	rocket
7	navire	ship
7	ferry	ferry
7	voilier	sailboat
7	canoë	canoe
7	sous-marin	submarine
7	ancre	anchor
7	voile	sail
7	rame	oar
7	roue	wheel
7	pneu	tyre
7	frein	brake
7	volant	steering wheel
7	siège	seat
7	phare	headlight / lighthouse
7	klaxon	horn
7	essence	petrol
7	carburant	fuel
7	parking	car park
7	péage	toll
7	autoroute	motorway
7	carrefour	crossroads
7	rond-point	roundabout
7	panneau	sign
7	piéton	pedestrian
7	circulation	traffic
7	embouteillage	traffic jam
7	permis	licence
7	accident	accident
8	marée	tide
8	vague	wave
8	courant	current
8	rivage	shore
8	falaise	cliff
8	grotte	cave
8	cascade	waterfall
8	source	spring
8	ruisseau	stream
8	étang	pond
8	marais	marsh
8	prairie	meadow
8	plaine	plain
8	plateau	plateau
8	sommet	summit
8	pic	peak
8	glacier	glacier
8	dune	dune
8	boue	mud
8	poussière	dust
8	rocher	rock
8	caillou	pebble
8	minéral	mineral
8	charbon	coal
8	pétrole	oil (crude)
8	terrain	ground / land
8	sol	soil
8	paysage	landscape
8	horizon	horizon
8	espèce	species
8	troupeau	herd
8	nid	nest
8	honneur	honour
8	gloire	glory
8	respect	respect
8	dignité	dignity
8	réputation	reputation
8	apparence	appearance
8	aspect	aspect
8	allure	look / pace
8	mode	fashion / mode
8	tendance	trend
8	coutume	custom
8	cérémonie	ceremony
8	événement	event
8	incident	incident
8	catastrophe	disaster
8	miracle	miracle
8	hasard	chance
8	destin	fate
8	sort	fate / spell
8	chance	luck
8	occasion	occasion
8	circonstance	circumstance
8	situation	situation
8	condition	condition
8	état	state
8	niveau	level
8	degré	degree
8	limite	limit
8	mesure	measure
8	proportion	proportion
8	quantité	quantity
8	nombre	number
8	ensemble	whole / set
8	détail	detail
8	fond	bottom / background
8	surface	surface
8	sens	meaning / direction
8	signification	meaning
8	symbole	symbol
8	signe	sign
8	exister	to exist
8	apparaître	to appear
8	disparaître	to disappear
8	devenir	to become
8	sembler	to seem
8	paraître	to appear / seem
8	représenter	to represent
8	signifier	to mean
8	indiquer	to indicate
8	exprimer	to express
8	préciser	to specify
8	définir	to define
8	résumer	to summarise
8	traduire	to translate
8	citer	to quote
8	noter	to note
8	souligner	to underline
8	effacer	to erase
8	corriger	to correct
8	vérifier	to check
8	contrôler	to control
8	observer	to observe
8	examiner	to examine
8	étudier	to study
8	analyser	to analyse
8	juger	to judge
8	critiquer	to criticise
8	approuver	to approve
8	soutenir	to support
8	représenter	to stand for
8	concerner	to concern
8	impliquer	to imply
8	provoquer	to cause
8	entraîner	to lead to / train
8	influencer	to influence
8	modifier	to modify
8	transformer	to transform
8	maintenir	to maintain
8	conserver	to preserve
8	assurer	to ensure
