1	der / die / das	the
1	ein / eine	a / an
1	und	and
1	oder	or
1	aber	but
1	dass	that
1	weil	because
1	wenn	if / when
1	ich	I
1	du	you (informal)
1	er	he
1	sie	she / they
1	es	it
1	wir	we
1	ihr	you (plural)
1	Sie	you (formal)
1	man	one / you (impersonal)
1	mich	me
1	dich	you
1	sich	oneself
1	mir	to me
1	dir	to you
1	ihm	to him
1	uns	us
1	mein	my
1	dein	your
1	sein	his / its
1	unser	our
1	in	in
1	auf	on
1	an	at / on
1	zu	to
1	mit	with
1	von	from / of
1	für	for
1	aus	out of / from
1	bei	at / near
1	nach	after / to
1	über	over / about
1	unter	under
1	vor	before / in front of
1	durch	through
1	ohne	without
1	gegen	against
1	um	around / at
1	nicht	not
1	kein	no / none
1	dieser	this
1	welcher	which
2	sein	to be
2	haben	to have
2	werden	to become / will
2	können	can
2	müssen	must
2	sagen	to say
2	machen	to make / do
2	gehen	to go
2	wollen	to want
2	kommen	to come
2	sollen	should
2	wissen	to know
2	sehen	to see
2	lassen	to let / leave
2	stehen	to stand
2	finden	to find
2	bleiben	to stay
2	geben	to give
2	nehmen	to take
2	bringen	to bring
2	halten	to hold
2	nennen	to name / call
2	denken	to think
2	glauben	to believe
2	sprechen	to speak
2	fragen	to ask
2	antworten	to answer
2	brauchen	to need
2	fühlen	to feel
2	dürfen	may / to be allowed
2	mögen	to like
2	tun	to do
3	auch	also
3	schon	already
3	noch	still / yet
3	nur	only
3	immer	always
3	sehr	very
3	hier	here
3	dort	there
3	jetzt	now
3	dann	then
3	heute	today
3	morgen	tomorrow
3	gestern	yesterday
3	wieder	again
3	oft	often
3	manchmal	sometimes
3	nie	never
3	vielleicht	maybe
3	natürlich	of course
3	wirklich	really
3	gut	good / well
3	gern	gladly
3	zusammen	together
3	allein	alone
3	wer	who
3	was	what
3	wo	where
3	wann	when
3	warum	why
3	wie	how
3	wie viel	how much
3	ja	yes
3	nein	no
3	bitte	please
3	danke	thanks
3	vielleicht	perhaps
3	ziemlich	quite
3	fast	almost
3	genug	enough
3	zu viel	too much
3	sehr gut	very good
4	der Mann	man
4	die Frau	woman
4	das Kind	child
4	der Mensch	human / person
4	die Leute	people
4	der Freund	friend (m)
4	die Freundin	friend (f)
4	die Familie	family
4	die Mutter	mother
4	der Vater	father
4	der Sohn	son
4	die Tochter	daughter
4	der Bruder	brother
4	die Schwester	sister
4	das Baby	baby
4	der Name	name
4	die Zeit	time
4	der Tag	day
4	die Nacht	night
4	die Stunde	hour
4	die Minute	minute
4	die Woche	week
4	der Monat	month
4	das Jahr	year
4	der Morgen	morning
4	der Abend	evening
4	der Mittag	noon
4	die Uhr	clock / o’clock
4	der Moment	moment
4	das Leben	life
4	die Welt	world
4	das Land	country
4	die Stadt	city
4	das Dorf	village
4	der Ort	place
4	die Sache	thing / matter
4	das Ding	thing
4	die Art	kind / way
4	das Wort	word
4	die Frage	question
4	die Antwort	answer
4	das Problem	problem
4	die Idee	idea
4	der Grund	reason
5	das Haus	house
5	die Wohnung	flat / apartment
5	das Zimmer	room
5	die Küche	kitchen
5	das Bad	bathroom
5	das Schlafzimmer	bedroom
5	die Tür	door
5	das Fenster	window
5	der Tisch	table
5	der Stuhl	chair
5	das Bett	bed
5	das Sofa	sofa
5	der Schrank	cupboard
5	die Lampe	lamp
5	der Boden	floor / ground
5	die Wand	wall
5	der Garten	garden
5	der Schlüssel	key
5	das Essen	food / meal
5	das Frühstück	breakfast
5	das Mittagessen	lunch
5	das Abendessen	dinner
5	das Brot	bread
5	die Butter	butter
5	der Käse	cheese
5	das Ei	egg
5	das Fleisch	meat
5	der Fisch	fish
5	das Gemüse	vegetables
5	das Obst	fruit
5	der Apfel	apple
5	die Kartoffel	potato
5	der Reis	rice
5	die Suppe	soup
5	der Zucker	sugar
5	das Salz	salt
5	das Wasser	water
5	der Kaffee	coffee
5	der Tee	tea
5	die Milch	milk
5	der Saft	juice
5	das Bier	beer
5	der Wein	wine
5	der Teller	plate
5	das Glas	glass
5	die Tasse	cup
5	das Messer	knife
5	die Gabel	fork
5	der Löffel	spoon
5	die Flasche	bottle
6	der Körper	body
6	der Kopf	head
6	das Gesicht	face
6	das Auge	eye
6	das Ohr	ear
6	die Nase	nose
6	der Mund	mouth
6	der Zahn	tooth
6	das Haar	hair
6	der Hals	neck / throat
6	die Hand	hand
6	der Arm	arm
6	der Finger	finger
6	das Bein	leg
6	der Fuß	foot
6	das Herz	heart
6	der Rücken	back
6	der Bauch	stomach
6	die Gesundheit	health
6	der Arzt	doctor
6	das Krankenhaus	hospital
6	die Krankheit	illness
6	der Schmerz	pain
6	das Fieber	fever
6	die Medizin	medicine
6	krank	ill
6	gesund	healthy
6	müde	tired
6	die Kleidung	clothing
6	das Hemd	shirt
6	die Hose	trousers
6	das Kleid	dress
6	der Rock	skirt
6	die Jacke	jacket
6	der Mantel	coat
6	der Pullover	sweater
6	die Schuhe	shoes
6	die Socke	sock
6	der Hut	hat
6	die Brille	glasses
7	die Arbeit	work
7	der Job	job
7	der Beruf	profession
7	das Büro	office
7	die Firma	company
7	der Chef	boss
7	der Kollege	colleague
7	die Aufgabe	task
7	das Projekt	project
7	die Besprechung	meeting
7	der Termin	appointment
7	der Computer	computer
7	das Handy	mobile phone
7	das Telefon	telephone
7	die E-Mail	email
7	das Internet	internet
7	die Schule	school
7	die Universität	university
7	der Lehrer	teacher
7	der Schüler	pupil
7	der Student	student
7	die Klasse	class
7	die Prüfung	exam
7	das Buch	book
7	das Heft	notebook
7	der Stift	pen
7	das Papier	paper
7	die Note	grade
7	lernen	to learn
7	studieren	to study
7	das Geld	money
7	der Euro	euro
7	die Bank	bank
7	der Preis	price
7	die Rechnung	bill
7	teuer	expensive
7	billig	cheap
7	bezahlen	to pay
7	kaufen	to buy
7	verkaufen	to sell
8	die Reise	trip / journey
8	der Urlaub	holiday
8	der Zug	train
8	der Bahnhof	station
8	der Bus	bus
8	das Auto	car
8	das Fahrrad	bicycle
8	das Flugzeug	plane
8	der Flughafen	airport
8	die Fahrkarte	ticket
8	die Straße	street
8	der Weg	way / path
8	die Brücke	bridge
8	der Platz	square / place
8	die Ecke	corner
8	das Hotel	hotel
8	das Zimmer	room
8	die Karte	map / card
8	links	left
8	rechts	right
8	geradeaus	straight ahead
8	die Natur	nature
8	der Baum	tree
8	die Blume	flower
8	der Wald	forest
8	der Berg	mountain
8	der Fluss	river
8	der See	lake
8	das Meer	sea
8	der Strand	beach
8	die Sonne	sun
8	der Mond	moon
8	der Himmel	sky
8	die Wolke	cloud
8	der Regen	rain
8	der Schnee	snow
8	der Wind	wind
8	das Wetter	weather
8	die Luft	air
8	das Feuer	fire
9	groß	big / tall
9	klein	small
9	neu	new
9	alt	old
9	jung	young
9	lang	long
9	kurz	short
9	hoch	high
9	niedrig	low
9	schnell	fast
9	langsam	slow
9	früh	early
9	spät	late
9	gut	good
9	schlecht	bad
9	schön	beautiful
9	hässlich	ugly
9	einfach	easy / simple
9	schwer	hard / heavy
9	leicht	light / easy
9	wichtig	important
9	richtig	correct
9	falsch	wrong
9	sicher	sure / safe
9	möglich	possible
9	nötig	necessary
9	voll	full
9	leer	empty
9	warm	warm
9	kalt	cold
9	heiß	hot
9	nass	wet
9	trocken	dry
9	sauber	clean
9	schmutzig	dirty
9	ruhig	quiet / calm
9	laut	loud
9	stark	strong
9	schwach	weak
9	reich	rich
9	arm	poor
9	glücklich	happy
9	traurig	sad
9	frei	free
10	essen	to eat
10	trinken	to drink
10	schlafen	to sleep
10	aufstehen	to get up
10	arbeiten	to work
10	spielen	to play
10	laufen	to run / walk
10	fahren	to drive / go
10	fliegen	to fly
10	kaufen	to buy
10	kochen	to cook
10	helfen	to help
10	lieben	to love
10	hören	to hear
10	lesen	to read
10	schreiben	to write
10	zeigen	to show
10	öffnen	to open
10	schließen	to close
10	beginnen	to begin
10	enden	to end
10	warten	to wait
10	suchen	to search
10	verlieren	to lose
10	gewinnen	to win
10	vergessen	to forget
10	erinnern	to remember
10	verstehen	to understand
10	erklären	to explain
10	lachen	to laugh
10	weinen	to cry
10	singen	to sing
10	tanzen	to dance
10	reisen	to travel
10	wohnen	to live / reside
10	treffen	to meet
10	besuchen	to visit
10	bezahlen	to pay
10	bestellen	to order
10	probieren	to try
3	null	zero
3	eins	one
3	zwei	two
3	drei	three
3	vier	four
3	fünf	five
3	sechs	six
3	sieben	seven
3	acht	eight
3	neun	nine
3	zehn	ten
3	elf	eleven
3	zwölf	twelve
3	zwanzig	twenty
3	dreißig	thirty
3	hundert	hundred
3	tausend	thousand
3	erste	first
3	zweite	second
3	letzte	last
6	die Farbe	colour
6	rot	red
6	blau	blue
6	grün	green
6	gelb	yellow
6	schwarz	black
6	weiß	white
6	grau	grey
6	braun	brown
6	orange	orange
6	rosa	pink
6	lila	purple
8	das Tier	animal
8	der Hund	dog
8	die Katze	cat
8	das Pferd	horse
8	die Kuh	cow
8	das Schwein	pig
8	das Schaf	sheep
8	das Huhn	chicken
8	der Vogel	bird
8	der Fisch	fish
8	die Maus	mouse
8	der Bär	bear
8	der Löwe	lion
8	der Elefant	elephant
8	die Spinne	spider
8	die Biene	bee
8	das Fernsehen	television
8	der Film	film
8	die Musik	music
8	das Lied	song
8	das Radio	radio
8	die Zeitung	newspaper
8	die Nachricht	message / news
8	das Foto	photo
8	die Kamera	camera
8	das Spiel	game
8	die App	app
8	die Datei	file
8	das Programm	program
8	die Webseite	website
8	das Passwort	password
7	das Gefühl	feeling
7	die Liebe	love
7	die Angst	fear
7	die Freude	joy
7	die Wut	anger
7	die Hoffnung	hope
7	der Spaß	fun
7	die Sorge	worry
7	froh	glad
7	böse	angry / evil
7	nervös	nervous
7	ruhig	calm
7	stolz	proud
7	überrascht	surprised
7	langweilig	boring
7	interessant	interesting
9	die Wahrheit	truth
9	die Freiheit	freedom
9	die Macht	power
9	das Recht	right / law
9	die Möglichkeit	possibility
9	die Wirklichkeit	reality
9	der Gedanke	thought
9	das Gefühl	emotion
9	der Sinn	sense / meaning
9	der Zweck	purpose
9	die Meinung	opinion
9	die Erfahrung	experience
9	der Erfolg	success
9	der Fehler	mistake
9	die Gefahr	danger
9	die Chance	chance
9	der Unterschied	difference
9	das Beispiel	example
9	die Regel	rule
9	die Ordnung	order
4	also	so / therefore
4	deshalb	that’s why
4	trotzdem	nevertheless
4	obwohl	although
4	sondern	but rather
4	denn	because / for
4	damit	so that
4	zuerst	first
4	danach	afterwards
4	schließlich	finally
4	zum Beispiel	for example
4	außerdem	besides
4	zwischen	between
4	während	during / while
4	seit	since
4	bis	until
10	bekommen	to get / receive
10	bringen	to bring
10	setzen	to set / put
10	legen	to lay
10	stellen	to place
10	ziehen	to pull
10	tragen	to carry / wear
10	werfen	to throw
10	fangen	to catch
10	fallen	to fall
10	steigen	to climb / rise
10	sitzen	to sit
10	liegen	to lie
10	drehen	to turn
10	bauen	to build
10	schaffen	to manage / create
10	benutzen	to use
10	ändern	to change
10	entscheiden	to decide
10	versuchen	to try
10	gehören	to belong
10	bedeuten	to mean
10	passieren	to happen
10	scheinen	to seem / shine
10	gefallen	to please
10	danken	to thank
10	grüßen	to greet
10	küssen	to kiss
10	rufen	to call
10	schauen	to look
10	merken	to notice
10	erkennen	to recognise
7	der Arzt	doctor
7	die Krankenschwester	nurse
7	der Lehrer	teacher
7	der Polizist	police officer
7	der Verkäufer	salesperson
7	der Koch	cook
7	der Kellner	waiter
7	der Fahrer	driver
7	der Bauer	farmer
7	der Ingenieur	engineer
7	der Anwalt	lawyer
7	der Künstler	artist
7	der Musiker	musician
7	der Schauspieler	actor
7	der Autor	author
7	der Wissenschaftler	scientist
8	das Geschäft	shop
8	der Supermarkt	supermarket
8	der Markt	market
8	das Restaurant	restaurant
8	das Café	café
8	die Bäckerei	bakery
8	die Apotheke	pharmacy
8	die Post	post office
8	die Kirche	church
8	das Museum	museum
8	das Theater	theatre
8	das Kino	cinema
8	der Park	park
8	die Bibliothek	library
8	das Rathaus	town hall
8	die Polizei	police
8	das Krankenhaus	hospital
8	die Toilette	toilet
8	der Aufzug	lift / elevator
8	die Treppe	stairs
9	der Sport	sport
9	der Fußball	football
9	das Spiel	match / game
9	die Mannschaft	team
9	der Ball	ball
9	das Tor	goal
9	schwimmen	to swim
9	rennen	to run
9	springen	to jump
9	gewinnen	to win
9	verlieren	to lose
9	trainieren	to train
9	der Spieler	player
9	das Stadion	stadium
9	die Meisterschaft	championship
9	der Sieg	victory
7	das Werkzeug	tool
7	der Hammer	hammer
7	das Messer	knife
7	die Schere	scissors
7	die Uhr	watch / clock
7	der Spiegel	mirror
7	das Handtuch	towel
7	die Seife	soap
7	die Zahnbürste	toothbrush
7	der Kamm	comb
7	die Decke	blanket / ceiling
7	das Kissen	pillow
7	der Vorhang	curtain
7	der Teppich	carpet
7	die Steckdose	socket
7	die Batterie	battery
5	dann	then
5	bald	soon
5	plötzlich	suddenly
5	endlich	finally
5	sofort	immediately
5	gerade	just now
5	bereits	already
5	damals	back then
5	überall	everywhere
5	nirgends	nowhere
5	irgendwo	somewhere
5	drinnen	inside
5	draußen	outside
5	oben	above / up
5	unten	below / down
5	vorne	in front
5	hinten	behind
5	weit	far
5	nah	near
5	genau	exactly
6	die Sekunde	second
6	der Frühling	spring
6	der Sommer	summer
6	der Herbst	autumn
6	der Winter	winter
6	der Montag	Monday
6	der Dienstag	Tuesday
6	der Mittwoch	Wednesday
6	der Donnerstag	Thursday
6	der Freitag	Friday
6	der Samstag	Saturday
6	der Sonntag	Sunday
6	das Wochenende	weekend
6	der Feiertag	holiday
6	der Geburtstag	birthday
6	die Zukunft	future
6	die Vergangenheit	past
6	die Gegenwart	present
6	heute Abend	tonight
6	übermorgen	day after tomorrow
8	die Schulter	shoulder
8	das Knie	knee
8	der Ellbogen	elbow
8	die Haut	skin
8	das Blut	blood
8	der Knochen	bone
8	das Gehirn	brain
8	die Lunge	lung
8	der Magen	stomach
8	die Zunge	tongue
8	die Lippe	lip
8	die Wange	cheek
8	die Stirn	forehead
8	das Kinn	chin
8	der Nagel	nail
8	die Ferse	heel
4	anfangen	to start
4	aufhören	to stop
4	weitermachen	to continue
4	ankommen	to arrive
4	abfahren	to depart
4	einsteigen	to get in / board
4	aussteigen	to get off
4	umsteigen	to change (transport)
4	mitkommen	to come along
4	zurückkommen	to come back
4	weggehen	to go away
4	hereinkommen	to come in
4	hinausgehen	to go out
4	aufmachen	to open
4	zumachen	to close
4	anmachen	to switch on
4	ausmachen	to switch off
4	anrufen	to phone
4	aufpassen	to pay attention
4	einkaufen	to shop
4	aufräumen	to tidy up
4	abholen	to pick up
4	vorbereiten	to prepare
4	wiederholen	to repeat
4	erzählen	to tell
4	berichten	to report
4	beschreiben	to describe
4	erwähnen	to mention
4	vorschlagen	to suggest
4	empfehlen	to recommend
4	versprechen	to promise
4	entschuldigen	to apologise
6	verbessern	to improve
6	vergleichen	to compare
6	wählen	to choose
6	sammeln	to collect
6	teilen	to share / divide
6	verbinden	to connect
6	trennen	to separate
6	mischen	to mix
6	füllen	to fill
6	leeren	to empty
6	schneiden	to cut
6	brechen	to break
6	reparieren	to repair
6	putzen	to clean
6	waschen	to wash
6	trocknen	to dry
6	bügeln	to iron
6	nähen	to sew
6	malen	to paint
6	zeichnen	to draw
6	bauen	to build
6	graben	to dig
6	pflanzen	to plant
6	ernten	to harvest
6	gießen	to pour / water
6	backen	to bake
6	braten	to fry / roast
6	grillen	to grill
6	rühren	to stir
6	probieren	to taste / try
6	servieren	to serve
6	bestellen	to order
7	denken an	to think of
7	sich freuen	to be glad
7	sich ärgern	to get annoyed
7	sich fürchten	to be afraid
7	sich erinnern	to remember
7	sich verlieben	to fall in love
7	heiraten	to marry
7	sich scheiden	to divorce
7	geboren werden	to be born
7	sterben	to die
7	wachsen	to grow
7	leben	to live
7	atmen	to breathe
7	husten	to cough
7	niesen	to sneeze
7	schwitzen	to sweat
7	frieren	to freeze / be cold
7	zittern	to tremble
7	fühlen	to feel
7	berühren	to touch
7	riechen	to smell
7	schmecken	to taste
7	spüren	to sense
7	bemerken	to notice
7	beobachten	to observe
7	betrachten	to look at
7	entdecken	to discover
7	erforschen	to explore
7	messen	to measure
7	wiegen	to weigh
7	zählen	to count
7	rechnen	to calculate
5	die Banane	banana
5	die Orange	orange
5	die Zitrone	lemon
5	die Erdbeere	strawberry
5	die Kirsche	cherry
5	die Traube	grape
5	die Birne	pear
5	der Pfirsich	peach
5	die Tomate	tomato
5	die Zwiebel	onion
5	der Knoblauch	garlic
5	die Karotte	carrot
5	der Salat	salad / lettuce
5	die Gurke	cucumber
5	die Bohne	bean
5	die Erbse	pea
5	der Pilz	mushroom
5	der Mais	corn
5	die Nudeln	pasta / noodles
5	die Pizza	pizza
5	die Wurst	sausage
5	der Schinken	ham
5	das Hähnchen	chicken
5	das Rindfleisch	beef
5	das Schweinefleisch	pork
5	die Meeresfrüchte	seafood
5	die Garnele	shrimp
5	der Kuchen	cake
5	der Keks	biscuit
5	die Schokolade	chocolate
5	das Eis	ice cream
5	der Honig	honey
5	die Marmelade	jam
5	das Öl	oil
5	der Essig	vinegar
5	der Pfeffer	pepper
5	das Mehl	flour
5	die Sahne	cream
5	der Joghurt	yoghurt
5	die Mahlzeit	meal
6	das Wohnzimmer	living room
6	das Esszimmer	dining room
6	der Flur	hallway
6	der Keller	basement
6	der Dachboden	attic
6	der Balkon	balcony
6	die Garage	garage
6	das Dach	roof
6	die Treppe	staircase
6	der Ofen	oven
6	der Herd	stove
6	der Kühlschrank	fridge
6	die Waschmaschine	washing machine
6	die Spülmaschine	dishwasher
6	der Fernseher	TV set
6	die Heizung	heating
6	die Klimaanlage	air conditioning
6	das Regal	shelf
6	die Schublade	drawer
6	der Sessel	armchair
6	das Waschbecken	sink
6	die Dusche	shower
6	die Badewanne	bathtub
6	die Toilette	toilet
6	der Wasserhahn	tap
6	die Glühbirne	light bulb
6	der Schalter	switch
6	das Kabel	cable
6	der Müll	rubbish
6	die Miete	rent
6	der Nachbar	neighbour
6	der Vermieter	landlord
7	der Stein	stone
7	der Sand	sand
7	die Erde	earth / soil
7	das Gras	grass
7	das Blatt	leaf
7	die Wurzel	root
7	der Ast	branch
7	der Samen	seed
7	die Ernte	harvest
7	das Feld	field
7	die Wiese	meadow
7	der Hügel	hill
7	das Tal	valley
7	die Höhle	cave
7	die Küste	coast
7	die Insel	island
7	der Wasserfall	waterfall
7	der Bach	stream
7	der Teich	pond
7	der Sumpf	swamp
7	die Wüste	desert
7	der Dschungel	jungle
7	der Vulkan	volcano
7	das Erdbeben	earthquake
7	der Sturm	storm
7	der Donner	thunder
7	der Blitz	lightning
7	der Nebel	fog
7	der Frost	frost
7	das Eis	ice
7	die Hitze	heat
7	der Schatten	shadow
7	der Stern	star
7	der Planet	planet
7	die Sonne	sun
7	das Universum	universe
8	das Kaninchen	rabbit
8	der Hase	hare
8	das Eichhörnchen	squirrel
8	der Fuchs	fox
8	der Wolf	wolf
8	der Hirsch	deer
8	das Reh	roe deer
8	der Igel	hedgehog
8	die Ente	duck
8	die Gans	goose
8	der Hahn	rooster
8	die Taube	pigeon
8	die Eule	owl
8	der Adler	eagle
8	der Schmetterling	butterfly
8	die Fliege	fly
8	die Mücke	mosquito
8	die Ameise	ant
8	der Käfer	beetle
8	der Wurm	worm
8	die Schlange	snake
8	die Eidechse	lizard
8	der Frosch	frog
8	die Schildkröte	turtle
8	der Hai	shark
8	der Wal	whale
8	der Delfin	dolphin
8	der Tiger	tiger
8	der Affe	monkey
8	die Giraffe	giraffe
8	das Zebra	zebra
8	das Kamel	camel
6	dick	thick / fat
6	dünn	thin
6	breit	wide
6	schmal	narrow
6	tief	deep
6	flach	shallow / flat
6	rund	round
6	eckig	angular
6	gerade	straight
6	krumm	crooked
6	scharf	sharp / spicy
6	stumpf	blunt
6	hart	hard
6	weich	soft
6	glatt	smooth
6	rau	rough
6	hell	bright / light
6	dunkel	dark
6	klar	clear
6	trüb	cloudy / murky
6	süß	sweet
6	sauer	sour
6	bitter	bitter
6	salzig	salty
6	frisch	fresh
6	faul	rotten / lazy
6	reif	ripe
6	roh	raw
6	gekocht	cooked
6	lecker	delicious
6	ekelhaft	disgusting
6	gesund	healthy
8	freundlich	friendly
8	höflich	polite
8	unhöflich	rude
8	ehrlich	honest
8	nett	nice
8	gemein	mean
8	klug	clever
8	dumm	stupid
8	fleißig	hardworking
8	faul	lazy
8	mutig	brave
8	ängstlich	fearful
8	geduldig	patient
8	ungeduldig	impatient
8	großzügig	generous
8	geizig	stingy
8	ruhig	quiet
8	schüchtern	shy
8	selbstbewusst	confident
8	ernst	serious
8	lustig	funny
8	seltsam	strange
8	normal	normal
8	gewöhnlich	ordinary
8	besonders	special
8	berühmt	famous
8	beliebt	popular
8	bekannt	well-known
8	fremd	foreign / strange
8	ähnlich	similar
8	gleich	same
8	verschieden	different
9	die Zeit	time
9	der Raum	space
9	die Menge	amount / quantity
9	die Zahl	number
9	der Teil	part
9	das Ganze	whole
9	die Hälfte	half
9	das Ende	end
9	der Anfang	beginning
9	die Mitte	middle
9	die Reihe	row / series
9	die Folge	consequence
9	die Ursache	cause
9	die Wirkung	effect
9	das Ziel	goal
9	der Plan	plan
9	die Entscheidung	decision
9	die Wahl	choice
9	die Lösung	solution
9	die Aufgabe	task
9	die Pflicht	duty
9	die Verantwortung	responsibility
9	die Bedeutung	meaning
9	der Vorteil	advantage
9	der Nachteil	disadvantage
9	die Schwierigkeit	difficulty
9	die Lage	situation
9	der Zustand	condition
9	die Veränderung	change
9	die Entwicklung	development
9	der Fortschritt	progress
9	das Wachstum	growth
7	die Stimmung	mood
7	die Laune	temper / mood
7	die Zufriedenheit	satisfaction
7	die Enttäuschung	disappointment
7	die Überraschung	surprise
7	die Aufregung	excitement
7	die Langeweile	boredom
7	die Einsamkeit	loneliness
7	der Stolz	pride
7	die Scham	shame
7	die Schuld	guilt
7	der Neid	envy
7	die Eifersucht	jealousy
7	das Mitleid	pity
7	die Dankbarkeit	gratitude
7	die Zuneigung	affection
7	glücklich	happy
7	zufrieden	content
7	unglücklich	unhappy
7	aufgeregt	excited
7	entspannt	relaxed
7	gestresst	stressed
7	erschöpft	exhausted
7	verwirrt	confused
7	enttäuscht	disappointed
7	begeistert	enthusiastic
7	neugierig	curious
7	besorgt	worried
7	das Geschäft	business
7	der Handel	trade
7	der Markt	market
7	der Kunde	customer
7	der Verkauf	sale
7	der Kauf	purchase
7	das Angebot	offer
7	die Nachfrage	demand
7	der Gewinn	profit
7	der Verlust	loss
7	die Kosten	costs
7	die Steuer	tax
7	die Rechnung	invoice
7	die Quittung	receipt
7	das Gehalt	salary
7	der Lohn	wage
7	die Schulden	debt
7	der Kredit	loan / credit
7	das Konto	account
7	die Münze	coin
7	der Schein	banknote
7	das Bargeld	cash
7	die Wirtschaft	economy
7	die Industrie	industry
7	die Fabrik	factory
7	das Produkt	product
7	die Ware	goods
7	die Lieferung	delivery
7	der Vertrag	contract
7	die Investition	investment
7	die Aktie	share / stock
7	der Chef	manager
7	der Mitarbeiter	employee
7	die Abteilung	department
7	die Sitzung	session / meeting
7	der Auftrag	order / assignment
8	die Wissenschaft	science
8	die Forschung	research
8	das Experiment	experiment
8	die Theorie	theory
8	die Technik	technology
8	die Maschine	machine
8	der Motor	engine
8	das Gerät	device
8	der Bildschirm	screen
8	die Tastatur	keyboard
8	die Maus	mouse
8	der Drucker	printer
8	die Software	software
8	das Netzwerk	network
8	der Server	server
8	die Verbindung	connection
8	das Signal	signal
8	die Energie	energy
8	der Strom	electricity / current
8	die Kraft	force / power
8	die Geschwindigkeit	speed
8	das Gewicht	weight
8	die Länge	length
8	die Höhe	height
8	die Breite	width
8	die Fläche	area
8	das Volumen	volume
8	die Temperatur	temperature
8	der Stoff	material / substance
8	das Element	element
8	das Metall	metal
8	der Kunststoff	plastic
8	die Chemie	chemistry
8	die Physik	physics
8	die Biologie	biology
8	die Mathematik	mathematics
8	die Kunst	art
8	das Bild	picture
8	das Gemälde	painting
8	die Zeichnung	drawing
8	die Skulptur	sculpture
8	der Künstler	artist
8	das Konzert	concert
8	die Oper	opera
8	das Instrument	instrument
8	die Gitarre	guitar
8	das Klavier	piano
8	die Trommel	drum
8	der Sänger	singer
8	die Band	band
8	der Roman	novel
8	das Gedicht	poem
8	die Geschichte	story / history
8	die Zeitschrift	magazine
8	der Artikel	article
8	die Sendung	broadcast
8	der Schauspieler	actor
8	die Bühne	stage
8	die Vorstellung	performance
8	das Publikum	audience
8	die Kultur	culture
8	die Tradition	tradition
8	das Fest	festival
8	die Feier	celebration
8	der Tanz	dance
8	das Lied	song
8	die Melodie	melody
8	der Rhythmus	rhythm
7	die Bildung	education
7	das Fach	subject
7	die Vorlesung	lecture
7	die Hausaufgabe	homework
7	die Übung	exercise
7	der Test	test
7	das Zeugnis	report / certificate
7	der Abschluss	degree
7	das Wissen	knowledge
7	die Kenntnis	knowledge / skill
7	die Fähigkeit	ability
7	der Fehler	mistake
7	die Korrektur	correction
7	die Erklärung	explanation
7	das Beispiel	example
7	die Regel	rule
7	die Sprache	language
7	das Alphabet	alphabet
7	der Buchstabe	letter
7	die Silbe	syllable
7	der Satz	sentence
7	die Grammatik	grammar
7	die Bedeutung	meaning
7	die Aussprache	pronunciation
7	der Absatz	paragraph
7	die Seite	page
7	das Kapitel	chapter
7	die Notiz	note
7	der Bleistift	pencil
7	der Radiergummi	eraser
7	das Lineal	ruler
7	die Tafel	blackboard
9	die Gesellschaft	society
9	die Regierung	government
9	der Staat	state
9	das Volk	people / nation
9	der Bürger	citizen
9	die Politik	politics
9	die Partei	party
9	die Wahl	election
9	die Stimme	vote / voice
9	das Gesetz	law
9	das Recht	right
9	die Regel	rule
9	das Gericht	court
9	der Richter	judge
9	der Anwalt	lawyer
9	das Verbrechen	crime
9	der Dieb	thief
9	die Strafe	punishment
9	das Gefängnis	prison
9	die Sicherheit	security
9	der Frieden	peace
9	der Krieg	war
9	die Armee	army
9	der Soldat	soldier
9	die Grenze	border
9	die Freiheit	freedom
9	die Gleichheit	equality
9	die Gerechtigkeit	justice
9	die Religion	religion
9	die Kirche	church
9	der Gott	god
9	der Glaube	faith / belief
7	die Behandlung	treatment
7	die Untersuchung	examination
7	die Operation	operation
7	die Spritze	injection
7	die Tablette	pill
7	das Rezept	prescription / recipe
7	der Verband	bandage
7	die Wunde	wound
7	die Verletzung	injury
7	der Unfall	accident
7	die Grippe	flu
7	die Erkältung	cold
7	der Husten	cough
7	der Schnupfen	runny nose
7	die Allergie	allergy
7	der Zahnarzt	dentist
7	die Apotheke	pharmacy
7	die Krankenkasse	health insurance
7	der Patient	patient
7	die Diagnose	diagnosis
7	die Kur	treatment / cure
7	die Ernährung	nutrition
7	die Diät	diet
7	die Übung	exercise
7	der Schlaf	sleep
7	die Erholung	recovery / rest
7	die Pflege	care
7	die Hygiene	hygiene
7	schwanger	pregnant
7	blind	blind
7	taub	deaf
7	behindert	disabled
6	die U-Bahn	underground / metro
6	die Straßenbahn	tram
6	das Taxi	taxi
6	der Lkw	lorry / truck
6	das Motorrad	motorbike
6	das Schiff	ship
6	das Boot	boat
6	der Hafen	harbour / port
6	die Haltestelle	stop
6	der Bahnsteig	platform
6	der Fahrplan	timetable
6	die Verspätung	delay
6	der Verkehr	traffic
6	die Ampel	traffic light
6	das Schild	sign
6	der Führerschein	driving licence
6	das Benzin	petrol
6	die Tankstelle	petrol station
6	der Parkplatz	car park
6	der Reifen	tyre
6	die Bremse	brake
6	das Rad	wheel
6	der Sitz	seat
6	der Gurt	seatbelt
6	die Reise	journey
6	der Ausflug	excursion
6	das Gepäck	luggage
6	der Koffer	suitcase
6	der Rucksack	backpack
6	der Pass	passport
6	das Visum	visa
6	die Unterkunft	accommodation
7	die Jeans	jeans
7	das T-Shirt	T-shirt
7	die Bluse	blouse
7	der Anzug	suit
7	die Krawatte	tie
7	der Gürtel	belt
7	der Schal	scarf
7	die Handschuhe	gloves
7	die Mütze	cap
7	die Stiefel	boots
7	die Sandalen	sandals
7	die Unterwäsche	underwear
7	der Pyjama	pyjamas
7	der Badeanzug	swimsuit
7	die Tasche	bag
7	der Geldbeutel	wallet
7	der Schmuck	jewellery
7	der Ring	ring
7	die Kette	necklace
7	die Uhr	watch
7	die Größe	size
7	die Mode	fashion
7	der Stoff	fabric
7	die Baumwolle	cotton
7	die Wolle	wool
7	die Seide	silk
7	das Leder	leather
7	die Naht	seam
7	der Knopf	button
7	der Reißverschluss	zip
7	die Tasche	pocket
7	der Kragen	collar
6	das Ding	thing
6	der Gegenstand	object
6	die Kiste	box / crate
6	die Schachtel	small box
6	der Beutel	bag / pouch
6	das Paket	parcel
6	der Brief	letter
6	die Karte	card
6	der Umschlag	envelope
6	die Briefmarke	stamp
6	die Schere	scissors
6	der Klebstoff	glue
6	das Band	ribbon / tape
6	die Schnur	string
6	der Faden	thread
6	die Nadel	needle
6	der Nagel	nail
6	die Schraube	screw
6	das Seil	rope
6	die Leiter	ladder
6	der Eimer	bucket
6	die Schüssel	bowl
6	der Topf	pot
6	die Pfanne	pan
6	das Tablett	tray
6	die Kanne	jug / pot
6	der Korb	basket
6	der Deckel	lid
6	die Kerze	candle
6	die Streichhölzer	matches
6	die Taschenlampe	torch
6	der Schirm	umbrella
6	das Gespräch	conversation
6	die Unterhaltung	conversation / entertainment
6	die Diskussion	discussion
6	die Rede	speech
6	die Ansage	announcement
6	die Meinung	opinion
6	der Rat	advice
6	die Bitte	request
6	die Erlaubnis	permission
6	das Versprechen	promise
6	die Warnung	warning
6	die Drohung	threat
6	die Lüge	lie
6	die Wahrheit	truth
6	das Geheimnis	secret
6	der Witz	joke
6	der Gruß	greeting
6	der Dank	thanks
6	die Entschuldigung	apology
6	die Einladung	invitation
6	die Nachricht	message
6	der Anruf	phone call
6	das Wort	word
6	die Stimme	voice
6	der Ton	sound / tone
6	das Geräusch	noise
6	die Stille	silence
6	die Sprache	language
6	die Eltern	parents
6	die Großmutter	grandmother
6	der Großvater	grandfather
6	der Onkel	uncle
6	die Tante	aunt
6	der Cousin	cousin (m)
6	die Cousine	cousin (f)
6	der Neffe	nephew
6	die Nichte	niece
6	der Enkel	grandson
6	die Enkelin	granddaughter
6	der Ehemann	husband
6	die Ehefrau	wife
6	der Partner	partner
6	die Freundin	girlfriend
6	der Freund	boyfriend / friend
6	die Verwandten	relatives
6	der Nachbar	neighbour
6	der Bekannte	acquaintance
6	der Gast	guest
6	die Hochzeit	wedding
6	die Ehe	marriage
6	die Scheidung	divorce
6	die Geburt	birth
6	die Kindheit	childhood
6	die Jugend	youth
6	das Alter	age / old age
6	die Beziehung	relationship
7	das Gebäude	building
7	der Turm	tower
7	das Schloss	castle
7	die Burg	fortress
7	die Fabrik	factory
7	das Lager	warehouse
7	der Bauernhof	farm
7	die Scheune	barn
7	die Halle	hall
7	das Stadion	stadium
7	der Zoo	zoo
7	der Friedhof	cemetery
7	die Moschee	mosque
7	der Tempel	temple
7	die Botschaft	embassy
7	das Gericht	courthouse
7	die Schule	school
7	der Kindergarten	kindergarten
7	die Universität	university
7	das Labor	laboratory
7	die Brücke	bridge
7	der Tunnel	tunnel
7	der Zaun	fence
7	das Tor	gate
7	der Eingang	entrance
7	der Ausgang	exit
7	die Nummer	number
7	die Adresse	address
7	das Viertel	district
7	der Vorort	suburb
7	die Hauptstadt	capital
7	die Gegend	area
6	der Laden	shop
6	das Kaufhaus	department store
6	die Kasse	checkout
6	der Verkäufer	shop assistant
6	der Warenkorb	shopping basket
6	die Tüte	bag
6	das Sonderangebot	special offer
6	der Rabatt	discount
6	der Ausverkauf	sale
6	die Garantie	warranty
6	der Umtausch	exchange
6	die Rückgabe	return
6	die Qualität	quality
6	die Marke	brand
6	das Etikett	label
6	die Auswahl	selection
6	die Bäckerei	bakery
6	die Metzgerei	butcher’s
6	die Konditorei	patisserie
6	der Kiosk	kiosk
6	die Drogerie	drugstore
6	die Buchhandlung	bookshop
6	das Blumengeschäft	florist
6	der Juwelier	jeweller
6	die Öffnungszeiten	opening hours
6	geschlossen	closed
6	geöffnet	open
6	kostenlos	free of charge
5	sicherlich	certainly
5	wahrscheinlich	probably
5	möglicherweise	possibly
5	hoffentlich	hopefully
5	leider	unfortunately
5	glücklicherweise	fortunately
5	besonders	especially
5	hauptsächlich	mainly
5	teilweise	partly
5	völlig	completely
5	ungefähr	approximately
5	mindestens	at least
5	höchstens	at most
5	sogar	even
5	nur noch	only just
5	bereits	already
5	kaum	hardly
5	ständig	constantly
5	gelegentlich	occasionally
5	normalerweise	usually
5	einmal	once
5	zweimal	twice
5	mehrmals	several times
5	erstens	firstly
5	zweitens	secondly
5	übrigens	by the way
5	jedenfalls	in any case
5	insgesamt	in total
7	gehören zu	to belong to
7	bestehen aus	to consist of
7	sich kümmern	to take care
7	sich beeilen	to hurry
7	sich entspannen	to relax
7	sich anziehen	to get dressed
7	sich ausziehen	to undress
7	sich waschen	to wash oneself
7	sich setzen	to sit down
7	sich hinlegen	to lie down
7	aufwachen	to wake up
7	einschlafen	to fall asleep
7	sich treffen	to meet
7	sich verabreden	to arrange to meet
7	teilnehmen	to take part
7	sich bewerben	to apply
7	unterschreiben	to sign
7	ausfüllen	to fill in
7	drucken	to print
7	kopieren	to copy
7	löschen	to delete
7	speichern	to save
7	herunterladen	to download
7	hochladen	to upload
7	klicken	to click
7	tippen	to type
7	suchen	to search
7	finden	to find
7	verlieren	to lose
7	gewinnen	to win
7	verbieten	to forbid
7	erlauben	to allow
5	das Kilo	kilo
5	das Gramm	gram
5	das Pfund	pound
5	der Liter	litre
5	der Meter	metre
5	der Zentimeter	centimetre
5	der Kilometer	kilometre
5	das Stück	piece
5	das Paar	pair
5	das Dutzend	dozen
5	die Portion	portion
5	die Scheibe	slice
5	das Viertel	quarter
5	das Drittel	third
5	das Prozent	percent
5	die Menge	quantity
5	viel	much
5	wenig	little
5	mehr	more
5	weniger	less
5	einige	some
5	mehrere	several
5	alle	all
5	beide	both
5	jeder	each
5	manche	some
5	kein	none
5	genug	enough
5	der Januar	January
5	der Februar	February
5	der März	March
5	der April	April
5	der Mai	May
5	der Juni	June
5	der Juli	July
5	der August	August
5	der September	September
5	der Oktober	October
5	der November	November
5	der Dezember	December
5	das Datum	date
5	der Kalender	calendar
5	die Jahreszeit	season
5	der Termin	appointment
5	gestern	yesterday
5	vorgestern	day before yesterday
5	nächste Woche	next week
5	letzte Woche	last week
5	früher	earlier / in the past
5	später	later
5	bald	soon
5	pünktlich	on time
8	das Holz	wood
8	das Eisen	iron
8	der Stahl	steel
8	das Gold	gold
8	das Silber	silver
8	das Kupfer	copper
8	das Glas	glass
8	das Papier	paper
8	die Pappe	cardboard
8	der Ton	clay
8	der Beton	concrete
8	der Ziegel	brick
8	der Gummi	rubber
8	das Wachs	wax
8	das Salz	salt
8	die Kohle	coal
8	das Öl	oil
8	das Gas	gas
8	der Staub	dust
8	der Schmutz	dirt
8	der Schaum	foam
8	der Rauch	smoke
8	die Asche	ash
8	der Dampf	steam
4	der Norden	north
4	der Süden	south
4	der Osten	east
4	der Westen	west
4	oben	top / above
4	unten	bottom / below
4	vorn	front
4	hinten	back
4	innen	inside
4	außen	outside
4	neben	next to
4	gegenüber	opposite
4	zwischen	between
4	hinter	behind
4	über	above
4	unter	below
4	die Richtung	direction
4	der Abstand	distance
4	die Nähe	proximity
4	die Ferne	distance
9	die Gelegenheit	opportunity
9	der Zufall	coincidence
9	das Glück	luck / happiness
9	das Pech	bad luck
9	die Hoffnung	hope
9	der Traum	dream
9	der Wunsch	wish
9	das Bedürfnis	need
9	die Gewohnheit	habit
9	die Erfahrung	experience
9	das Erlebnis	experience / event
9	die Erinnerung	memory
9	der Eindruck	impression
9	die Vorstellung	idea / notion
9	der Zweifel	doubt
9	die Überzeugung	conviction
9	die Vorsicht	caution
9	die Geduld	patience
9	die Mühe	effort
9	die Anstrengung	exertion
9	der Versuch	attempt
9	der Erfolg	success
9	das Ergebnis	result
9	die Folge	consequence
9	der Vorteil	benefit
9	die Wirkung	effect
9	die Ausnahme	exception
9	die Regel	rule
9	der Umstand	circumstance
9	die Bedingung	condition
9	die Möglichkeit	possibility
9	die Notwendigkeit	necessity
8	erreichen	to reach
8	verpassen	to miss
8	erlauben	to permit
8	verhindern	to prevent
8	schützen	to protect
8	retten	to rescue
8	gefährden	to endanger
8	riskieren	to risk
8	unterstützen	to support
8	ermutigen	to encourage
8	loben	to praise
8	kritisieren	to criticise
8	beschweren	to complain
8	streiten	to argue
8	kämpfen	to fight
8	gewinnen	to gain
8	besiegen	to defeat
8	aufgeben	to give up
8	erobern	to conquer
8	beherrschen	to master
8	leiten	to lead / manage
8	organisieren	to organise
8	planen	to plan
8	gründen	to found
8	entwickeln	to develop
8	herstellen	to produce
8	liefern	to deliver
8	verteilen	to distribute
8	sparen	to save
8	ausgeben	to spend
8	verdienen	to earn
8	leihen	to lend / borrow
9	bedeuten	to signify
9	darstellen	to represent
9	betreffen	to concern
9	enthalten	to contain
9	umfassen	to comprise
9	erfordern	to require
9	ermöglichen	to enable
9	verursachen	to cause
9	beeinflussen	to influence
9	bestimmen	to determine
9	festlegen	to fix / define
9	beweisen	to prove
9	zeigen	to demonstrate
9	behaupten	to claim
9	bestätigen	to confirm
9	leugnen	to deny
9	zweifeln	to doubt
9	vermuten	to suspect
9	erwarten	to expect
9	voraussagen	to predict
9	schätzen	to estimate / value
9	bewerten	to evaluate
9	beurteilen	to judge
9	entscheiden	to decide
9	überlegen	to consider
9	nachdenken	to reflect
9	sich vorstellen	to imagine
9	erkennen	to realise
9	begreifen	to grasp
9	verwechseln	to confuse
9	unterscheiden	to distinguish
9	verbinden	to link
7	die Welt	world
7	der Kontinent	continent
7	das Land	country
7	die Nation	nation
7	die Region	region
7	das Gebiet	territory
7	die Provinz	province
7	der Bezirk	district
7	Deutschland	Germany
7	Frankreich	France
7	Spanien	Spain
7	Italien	Italy
7	England	England
7	Europa	Europe
7	Afrika	Africa
7	Asien	Asia
7	Amerika	America
7	der Norden	north
7	die See	sea
7	der Ozean	ocean
7	die Landschaft	landscape
7	die Umgebung	surroundings
7	die Umwelt	environment
7	das Klima	climate
7	die Bevölkerung	population
7	die Sprache	language
7	die Kultur	culture
7	die Hauptstadt	capital
8	die Pflanze	plant
8	der Busch	bush
8	die Hecke	hedge
8	die Palme	palm tree
8	die Eiche	oak
8	die Tanne	fir
8	die Rose	rose
8	die Tulpe	tulip
8	das Gänseblümchen	daisy
8	der Kaktus	cactus
8	das Moos	moss
8	der Pilz	mushroom
8	das Getreide	grain
8	der Weizen	wheat
8	das Heu	hay
8	das Stroh	straw
8	die Frucht	fruit
8	die Nuss	nut
8	die Beere	berry
8	der Kern	seed / pit
8	die Blüte	blossom
8	der Duft	scent
8	der Garten	garden
8	der Park	park
6	das Geschirr	dishes
6	die Serviette	napkin
6	das Tischtuch	tablecloth
6	der Korkenzieher	corkscrew
6	der Dosenöffner	can opener
6	das Schneidebrett	chopping board
6	der Mixer	blender
6	der Wasserkocher	kettle
6	die Mikrowelle	microwave
6	der Toaster	toaster
6	das Rezept	recipe
6	die Zutat	ingredient
6	die Portion	portion
6	der Geschmack	taste
6	der Geruch	smell
6	der Appetit	appetite
6	der Durst	thirst
6	der Hunger	hunger
6	das Getränk	drink
6	die Nachspeise	dessert
6	die Vorspeise	starter
6	das Hauptgericht	main course
6	die Beilage	side dish
6	der Imbiss	snack
7	das Hobby	hobby
7	die Freizeit	free time
7	das Vergnügen	pleasure
7	die Unterhaltung	entertainment
7	das Lesen	reading
7	das Kochen	cooking
7	das Wandern	hiking
7	das Radfahren	cycling
7	das Schwimmen	swimming
7	das Zeichnen	drawing
7	die Fotografie	photography
7	das Gärtnern	gardening
7	das Sammeln	collecting
7	das Reisen	travelling
7	das Spiel	game
7	die Karte	playing card
7	das Schach	chess
7	das Puzzle	puzzle
7	der Verein	club
7	das Mitglied	member
7	das Turnier	tournament
7	der Wettbewerb	competition
7	der Preis	prize
7	die Medaille	medal
8	nützlich	useful
8	nutzlos	useless
8	praktisch	practical
8	bequem	comfortable
8	unbequem	uncomfortable
8	modern	modern
8	altmodisch	old-fashioned
8	teuer	costly
8	wertvoll	valuable
8	wertlos	worthless
8	gefährlich	dangerous
8	harmlos	harmless
8	möglich	possible
8	unmöglich	impossible
8	wahr	true
8	unwahr	untrue
8	echt	genuine
8	falsch	fake
8	perfekt	perfect
8	fertig	ready / finished
8	bereit	ready
8	offen	open
8	geschlossen	closed
8	privat	private
8	öffentlich	public
8	allgemein	general
8	einzeln	individual
8	gemeinsam	common / joint
8	zusätzlich	additional
8	notwendig	necessary
8	überflüssig	superfluous
8	ausreichend	sufficient
6	sonnig	sunny
6	wolkig	cloudy
6	regnerisch	rainy
6	windig	windy
6	neblig	foggy
6	stürmisch	stormy
6	heiter	clear / bright
6	schwül	humid
6	die Temperatur	temperature
6	der Grad	degree
6	die Vorhersage	forecast
6	der Schauer	shower
6	der Hagel	hail
6	der Tau	dew
6	die Feuchtigkeit	humidity
6	die Trockenheit	drought
6	die Überschwemmung	flood
6	der Regenbogen	rainbow
6	die Brise	breeze
6	der Frühling	springtime
8	der Bäcker	baker
8	der Metzger	butcher
8	der Friseur	hairdresser
8	der Klempner	plumber
8	der Elektriker	electrician
8	der Mechaniker	mechanic
8	der Tischler	carpenter
8	der Maurer	bricklayer
8	der Maler	painter
8	der Gärtner	gardener
8	der Pilot	pilot
8	der Kapitän	captain
8	der Soldat	soldier
8	der Feuerwehrmann	firefighter
8	der Briefträger	postman
8	der Reiniger	cleaner
8	der Beamte	civil servant
8	der Bankier	banker
8	der Journalist	journalist
8	der Fotograf	photographer
8	der Übersetzer	translator
8	der Dolmetscher	interpreter
8	der Berater	consultant
8	der Direktor	director
7	das Gesicht	face
7	die Augenbraue	eyebrow
7	die Wimper	eyelash
7	die Zunge	tongue
7	der Kiefer	jaw
7	die Kehle	throat
7	die Brust	chest
7	die Hüfte	hip
7	der Oberschenkel	thigh
7	die Wade	calf
7	der Knöchel	ankle
7	die Zehe	toe
7	der Daumen	thumb
7	die Faust	fist
7	der Muskel	muscle
7	die Vene	vein
7	die Niere	kidney
7	die Leber	liver
7	der Nerv	nerve
7	die Träne	tear
7	der Schweiß	sweat
7	der Atem	breath
7	die Stimme	voice
7	der Puls	pulse
9	der Geist	mind / spirit
9	die Seele	soul
9	der Verstand	reason / intellect
9	das Bewusstsein	consciousness
9	die Vernunft	reason
9	die Fantasie	imagination
9	die Kreativität	creativity
9	die Intelligenz	intelligence
9	das Gedächtnis	memory
9	die Aufmerksamkeit	attention
9	die Konzentration	concentration
9	das Interesse	interest
9	die Neugier	curiosity
9	die Weisheit	wisdom
9	das Talent	talent
9	die Begabung	gift / aptitude
9	der Charakter	character
9	die Persönlichkeit	personality
9	die Einstellung	attitude
9	der Wille	will
9	die Absicht	intention
9	das Motiv	motive
9	der Instinkt	instinct
9	die Reaktion	reaction
9	das System	system
9	die Struktur	structure
9	die Methode	method
9	das Verfahren	procedure
9	die Technik	technique
9	das Werkzeug	tool
9	das Mittel	means
9	die Quelle	source
9	das Material	material
9	die Substanz	substance
9	die Form	form / shape
9	das Muster	pattern
9	das Modell	model
9	der Typ	type
9	die Kategorie	category
9	die Gruppe	group
9	das Netz	net / network
9	die Kette	chain
9	die Verbindung	connection
9	der Kontakt	contact
9	die Beziehung	relation
9	der Zusammenhang	context
9	der Rahmen	framework
9	das Detail	detail
9	der Aspekt	aspect
9	der Faktor	factor
9	die Rolle	role
9	die Funktion	function
9	der Wert	value
9	die Qualität	quality
9	die Eigenschaft	property / trait
9	das Merkmal	feature
8	ziehen	to pull
8	drücken	to push / press
8	heben	to lift
8	senken	to lower
8	schieben	to shove
8	rollen	to roll
8	gleiten	to slide
8	klettern	to climb
8	kriechen	to crawl
8	stolpern	to stumble
8	rutschen	to slip
8	schaukeln	to swing
8	wischen	to wipe
8	reiben	to rub
8	kratzen	to scratch
8	klopfen	to knock
8	stechen	to sting / prick
8	beißen	to bite
8	kauen	to chew
8	schlucken	to swallow
8	gähnen	to yawn
8	flüstern	to whisper
8	schreien	to scream
8	brüllen	to roar
8	klingeln	to ring
8	läuten	to chime
8	pfeifen	to whistle
8	klatschen	to clap
8	winken	to wave
8	nicken	to nod
8	schütteln	to shake
8	umarmen	to hug
7	die Akte	file
7	der Ordner	folder
7	das Formular	form
7	der Stempel	stamp
7	die Unterschrift	signature
7	der Bericht	report
7	die Notiz	note
7	der Kalender	calendar
7	die Besprechung	meeting
7	die Frist	deadline
7	der Schreibtisch	desk
7	der Bürostuhl	office chair
7	die Büroklammer	paperclip
7	der Locher	hole punch
7	der Hefter	stapler
7	der Taschenrechner	calculator
7	die Kopie	copy
7	der Anhang	attachment
7	der Entwurf	draft
7	die Vorlage	template
7	die Deadline	deadline
7	die Pause	break
7	die Schicht	shift
7	der Urlaub	leave / holiday
5	aufwachen	to wake up
5	duschen	to shower
5	sich anziehen	to dress
5	frühstücken	to have breakfast
5	zur Arbeit gehen	to go to work
5	Mittag essen	to have lunch
5	nach Hause kommen	to come home
5	fernsehen	to watch TV
5	ins Bett gehen	to go to bed
5	die Zähne putzen	to brush teeth
5	sich rasieren	to shave
5	sich schminken	to put on makeup
5	die Wäsche waschen	to do laundry
5	staubsaugen	to vacuum
5	abwaschen	to wash up
5	den Tisch decken	to set the table
5	einkaufen gehen	to go shopping
5	spazieren gehen	to go for a walk
5	sich ausruhen	to rest
5	aufwachen	to awaken
6	müde	weary
6	wach	awake
6	hungrig	hungry
6	satt	full (food)
6	durstig	thirsty
6	betrunken	drunk
6	nüchtern	sober
6	gesund	well
6	fit	fit
6	schwanger	pregnant
6	nackt	naked
6	angezogen	dressed
6	barfuß	barefoot
6	ordentlich	tidy
6	unordentlich	messy
6	pünktlich	punctual
6	verspätet	delayed
6	anwesend	present
6	abwesend	absent
6	lebendig	alive
6	tot	dead
6	leer	vacant
6	besetzt	occupied
6	verfügbar	available
3	guten Morgen	good morning
3	guten Tag	good day
3	guten Abend	good evening
3	gute Nacht	good night
3	auf Wiedersehen	goodbye
3	bis später	see you later
3	bis bald	see you soon
3	herzlich willkommen	welcome
3	viel Glück	good luck
3	viel Spaß	have fun
3	gute Reise	have a good trip
3	alles Gute	all the best
3	keine Ahnung	no idea
3	kein Problem	no problem
3	macht nichts	never mind
3	stimmt	that’s right
3	genau	exactly
3	einverstanden	agreed
3	tut mir leid	I’m sorry
3	viel zu tun	lots to do
9	der Anlass	occasion
9	das Ereignis	event
9	die Situation	situation
9	die Lage	position
9	der Fall	case
9	das Thema	topic
9	der Punkt	point
9	die Frage	question / issue
9	die Sorge	concern
9	die Angelegenheit	matter
9	der Bereich	area / field
9	die Richtung	direction
9	der Zweck	purpose
9	das Interesse	interest
9	der Nutzen	benefit
9	der Schaden	damage
9	die Gefahr	danger
9	das Risiko	risk
9	die Chance	chance
9	der Vorschlag	suggestion
9	die Entscheidung	decision
9	die Meinung	view
9	der Standpunkt	standpoint
9	die Absicht	purpose
5	der Löffel	spoonful
5	die Prise	pinch
5	die Zutaten	ingredients
5	der Nachtisch	dessert
5	die Sahne	whipped cream
5	der Pudding	pudding
5	die Torte	gateau
5	das Brötchen	bread roll
5	die Semmel	roll
5	der Toast	toast
5	der Speck	bacon
5	das Rührei	scrambled eggs
6	der Zimt	cinnamon
6	die Petersilie	parsley
6	das Basilikum	basil
6	der Ingwer	ginger
6	die Chili	chilli
6	die Minze	mint
6	der Senf	mustard
6	die Mayonnaise	mayonnaise
6	die Soße	sauce
6	die Brühe	broth
6	der Teig	dough
6	die Kruste	crust
8	die Astronomie	astronomy
8	die Galaxie	galaxy
8	der Komet	comet
8	die Rakete	rocket
8	der Satellit	satellite
8	die Schwerkraft	gravity
8	die Umlaufbahn	orbit
8	das Weltall	outer space
8	der Mond	moon
8	die Erde	Earth
8	die Sonne	the Sun
8	der Sauerstoff	oxygen
7	die Mücke	gnat
7	die Wespe	wasp
7	der Schmetterling	butterfly
7	die Raupe	caterpillar
7	die Schnecke	snail
7	der Regenwurm	earthworm
7	der Marienkäfer	ladybird
7	die Heuschrecke	grasshopper
7	die Fledermaus	bat
7	der Papagei	parrot
7	der Pinguin	penguin
7	das Krokodil	crocodile
6	golden	golden
6	silbern	silver
6	bunt	colourful
6	hellblau	light blue
6	dunkelgrün	dark green
6	türkis	turquoise
6	beige	beige
6	violett	violet
6	dritte	third
6	vierte	fourth
6	fünfte	fifth
6	zehnte	tenth
9	die Empfindung	sensation
9	der Schmerz	ache
9	der Juckreiz	itch
9	der Schwindel	dizziness
9	die Übelkeit	nausea
9	die Müdigkeit	tiredness
9	die Wärme	warmth
9	die Kälte	coldness
9	die Berührung	touch
9	der Druck	pressure
9	das Kribbeln	tingling
9	die Taubheit	numbness
8	das Fach	school subject
8	die Geschichte	history
8	die Erdkunde	geography
8	die Kunst	art class
8	der Sport	PE
8	die Musik	music class
8	die Informatik	computer science
8	die Wirtschaft	economics
8	die Philosophie	philosophy
8	die Psychologie	psychology
8	die Medizin	medicine (field)
8	das Recht	law (field)
